﻿<?xml version="1.0" encoding="utf-8"?>
<SSNExportDocument Version="2.5" DocumentID="233a598a-a4af-4dce-9466-fc13653a86ac-1" JobID="160" ExportID="233a598a-a4af-4dce-9466-fc13653a86ac" RunID="160" CreationTime="2025-02-27T00:00:00.000 -06:00" StartTime="2025-02-27T00:00:00.000 -06:00" EndTime="2025-02-28T00:00:00.000 -06:00" xmlns="urn:com:ssn:schema:export:v2.5:SSNExportFormat.xsd">
  <MeterData UtilServicePointID="287211000000" UtilDeviceID="GM18000059" MacID="00:07:81:43:07:CB:AC:18" MeterName="GM18000059" xmlns="urn:com:ssn:schema:export:v2.5:SSNExportFormat.xsd">
    <RegisterData NumberReads="1" EndTime="2025-02-28T00:00:00.000 -06:00" StartTime="2025-02-28T00:00:00.000 -06:00">
      <RegisterRead RegisterReadSource="REG_SRC_TYPE_EOB_SELF_READ" GatewayCollectedTime="2025-02-27T00:00:00.000 -06:00" ReadTime="2025-02-28T00:00:00.000 -06:00">
        <Tier Number="0">
          <Register SummationUOM="CCF" Summation="119.2800" SummationRawValue="11928" Number="1010" />
        </Tier>
      </RegisterRead>
    </RegisterData>
    <IntervalReadData LpSetId="1" NumberIntervals="24" EndTime="2025-02-28T00:00:00.000 -06:00" StartTime="2025-02-27T00:00:00.000 -06:00" IntervalLength="60">
      <Interval GatewayCollectedTime="2025-02-27T00:00:00.000 -06:00" IntervalSequenceNumber="1740632400" BlockSequenceNumber="1738951200" EndTime="2025-02-27T01:00:00.000 -06:00">
        <Reading UOM="CCF" BlockEndValue="0" Value="0.7200" RawValue="72.0000" Channel="1" />
      </Interval>
      <Interval GatewayCollectedTime="2025-02-27T01:00:00.000 -06:00" IntervalSequenceNumber="1740632400" BlockSequenceNumber="1738951200" EndTime="2025-02-27T02:00:00.000 -06:00">
        <Reading UOM="CCF" BlockEndValue="0" Value="0.7200" RawValue="72.0000" Channel="1" />
      </Interval>
      <Interval GatewayCollectedTime="2025-02-27T02:00:00.000 -06:00" IntervalSequenceNumber="1740632400" BlockSequenceNumber="1738951200" EndTime="2025-02-27T03:00:00.000 -06:00">
        <Reading UOM="CCF" BlockEndValue="0" Value="0.7200" RawValue="72.0000" Channel="1" />
      </Interval>
      <Interval GatewayCollectedTime="2025-02-27T03:00:00.000 -06:00" IntervalSequenceNumber="1740632400" BlockSequenceNumber="1738951200" EndTime="2025-02-27T04:00:00.000 -06:00">
        <Reading UOM="CCF" BlockEndValue="0" Value="0.7200" RawValue="72.0000" Channel="1" />
      </Interval>
      <Interval GatewayCollectedTime="2025-02-27T04:00:00.000 -06:00" IntervalSequenceNumber="1740632400" BlockSequenceNumber="1738951200" EndTime="2025-02-27T05:00:00.000 -06:00">
        <Reading UOM="CCF" BlockEndValue="0" Value="0.7200" RawValue="72.0000" Channel="1" />
      </Interval>
      <Interval GatewayCollectedTime="2025-02-27T05:00:00.000 -06:00" IntervalSequenceNumber="1740632400" BlockSequenceNumber="1738951200" EndTime="2025-02-27T06:00:00.000 -06:00">
        <Reading UOM="CCF" BlockEndValue="0" Value="0.7200" RawValue="72.0000" Channel="1" />
      </Interval>
      <Interval GatewayCollectedTime="2025-02-27T06:00:00.000 -06:00" IntervalSequenceNumber="1740632400" BlockSequenceNumber="1738951200" EndTime="2025-02-27T07:00:00.000 -06:00">
        <Reading UOM="CCF" BlockEndValue="0" Value="0.7200" RawValue="72.0000" Channel="1" />
      </Interval>
      <Interval GatewayCollectedTime="2025-02-27T07:00:00.000 -06:00" IntervalSequenceNumber="1740632400" BlockSequenceNumber="1738951200" EndTime="2025-02-27T08:00:00.000 -06:00">
        <Reading UOM="CCF" BlockEndValue="0" Value="0.7200" RawValue="72.0000" Channel="1" />
      </Interval>
      <Interval GatewayCollectedTime="2025-02-27T08:00:00.000 -06:00" IntervalSequenceNumber="1740632400" BlockSequenceNumber="1738951200" EndTime="2025-02-27T09:00:00.000 -06:00">
        <Reading UOM="CCF" BlockEndValue="0" Value="0.7200" RawValue="72.0000" Channel="1" />
      </Interval>
      <Interval GatewayCollectedTime="2025-02-27T09:00:00.000 -06:00" IntervalSequenceNumber="1740632400" BlockSequenceNumber="1738951200" EndTime="2025-02-27T10:00:00.000 -06:00">
        <Reading UOM="CCF" BlockEndValue="0" Value="0.7200" RawValue="72.0000" Channel="1" />
      </Interval>
      <Interval GatewayCollectedTime="2025-02-27T10:00:00.000 -06:00" IntervalSequenceNumber="1740632400" BlockSequenceNumber="1738951200" EndTime="2025-02-27T11:00:00.000 -06:00">
        <Reading UOM="CCF" BlockEndValue="0" Value="0.7200" RawValue="72.0000" Channel="1" />
      </Interval>
      <Interval GatewayCollectedTime="2025-02-27T11:00:00.000 -06:00" IntervalSequenceNumber="1740632400" BlockSequenceNumber="1738951200" EndTime="2025-02-27T12:00:00.000 -06:00">
        <Reading UOM="CCF" BlockEndValue="0" Value="0.7200" RawValue="72.0000" Channel="1" />
      </Interval>
      <Interval GatewayCollectedTime="2025-02-27T12:00:00.000 -06:00" IntervalSequenceNumber="1740632400" BlockSequenceNumber="1738951200" EndTime="2025-02-27T13:00:00.000 -06:00">
        <Reading UOM="CCF" BlockEndValue="0" Value="0.7200" RawValue="72.0000" Channel="1" />
      </Interval>
      <Interval GatewayCollectedTime="2025-02-27T13:00:00.000 -06:00" IntervalSequenceNumber="1740632400" BlockSequenceNumber="1738951200" EndTime="2025-02-27T14:00:00.000 -06:00">
        <Reading UOM="CCF" BlockEndValue="0" Value="0.7200" RawValue="72.0000" Channel="1" />
      </Interval>
      <Interval GatewayCollectedTime="2025-02-27T14:00:00.000 -06:00" IntervalSequenceNumber="1740632400" BlockSequenceNumber="1738951200" EndTime="2025-02-27T15:00:00.000 -06:00">
        <Reading UOM="CCF" BlockEndValue="0" Value="0.7200" RawValue="72.0000" Channel="1" />
      </Interval>
      <Interval GatewayCollectedTime="2025-02-27T15:00:00.000 -06:00" IntervalSequenceNumber="1740632400" BlockSequenceNumber="1738951200" EndTime="2025-02-27T16:00:00.000 -06:00">
        <Reading UOM="CCF" BlockEndValue="0" Value="0.7200" RawValue="72.0000" Channel="1" />
      </Interval>
      <Interval GatewayCollectedTime="2025-02-27T16:00:00.000 -06:00" IntervalSequenceNumber="1740632400" BlockSequenceNumber="1738951200" EndTime="2025-02-27T17:00:00.000 -06:00">
        <Reading UOM="CCF" BlockEndValue="0" Value="0.7200" RawValue="72.0000" Channel="1" />
      </Interval>
      <Interval GatewayCollectedTime="2025-02-27T17:00:00.000 -06:00" IntervalSequenceNumber="1740632400" BlockSequenceNumber="1738951200" EndTime="2025-02-27T18:00:00.000 -06:00">
        <Reading UOM="CCF" BlockEndValue="0" Value="0.7200" RawValue="72.0000" Channel="1" />
      </Interval>
      <Interval GatewayCollectedTime="2025-02-27T18:00:00.000 -06:00" IntervalSequenceNumber="1740632400" BlockSequenceNumber="1738951200" EndTime="2025-02-27T19:00:00.000 -06:00">
        <Reading UOM="CCF" BlockEndValue="0" Value="0.7200" RawValue="72.0000" Channel="1" />
      </Interval>
      <Interval GatewayCollectedTime="2025-02-27T19:00:00.000 -06:00" IntervalSequenceNumber="1740632400" BlockSequenceNumber="1738951200" EndTime="2025-02-27T20:00:00.000 -06:00">
        <Reading UOM="CCF" BlockEndValue="0" Value="0.7200" RawValue="72.0000" Channel="1" />
      </Interval>
      <Interval GatewayCollectedTime="2025-02-27T20:00:00.000 -06:00" IntervalSequenceNumber="1740632400" BlockSequenceNumber="1738951200" EndTime="2025-02-27T21:00:00.000 -06:00">
        <Reading UOM="CCF" BlockEndValue="0" Value="0.7200" RawValue="72.0000" Channel="1" />
      </Interval>
      <Interval GatewayCollectedTime="2025-02-27T21:00:00.000 -06:00" IntervalSequenceNumber="1740632400" BlockSequenceNumber="1738951200" EndTime="2025-02-27T22:00:00.000 -06:00">
        <Reading UOM="CCF" BlockEndValue="0" Value="0.7200" RawValue="72.0000" Channel="1" />
      </Interval>
      <Interval GatewayCollectedTime="2025-02-27T22:00:00.000 -06:00" IntervalSequenceNumber="1740632400" BlockSequenceNumber="1738951200" EndTime="2025-02-27T23:00:00.000 -06:00">
        <Reading UOM="CCF" BlockEndValue="0" Value="0.7200" RawValue="72.0000" Channel="1" />
      </Interval>
      <Interval GatewayCollectedTime="2025-02-27T23:00:00.000 -06:00" IntervalSequenceNumber="1740632400" BlockSequenceNumber="1738951200" EndTime="2025-02-28T00:00:00.000 -06:00">
        <Reading UOM="CCF" BlockEndValue="119.2800" Value="0.7200" RawValue="72.0000" Channel="1" />
      </Interval>
    </IntervalReadData>
  </MeterData>
  <MeterData UtilServicePointID="878571000000" UtilDeviceID="GM18000172" MacID="00:07:81:43:07:D8:9E:B4" MeterName="GM18000172" xmlns="urn:com:ssn:schema:export:v2.5:SSNExportFormat.xsd">
    <RegisterData NumberReads="1" EndTime="2025-02-28T00:00:00.000 -06:00" StartTime="2025-02-28T00:00:00.000 -06:00">
      <RegisterRead RegisterReadSource="REG_SRC_TYPE_EOB_SELF_READ" GatewayCollectedTime="2025-02-27T00:00:00.000 -06:00" ReadTime="2025-02-28T00:00:00.000 -06:00">
        <Tier Number="0">
          <Register SummationUOM="CCF" Summation="2471.3600" SummationRawValue="247136" Number="1010" />
        </Tier>
      </RegisterRead>
    </RegisterData>
    <IntervalReadData LpSetId="1" NumberIntervals="24" EndTime="2025-02-28T00:00:00.000 -06:00" StartTime="2025-02-27T00:00:00.000 -06:00" IntervalLength="60">
      <Interval GatewayCollectedTime="2025-02-27T00:00:00.000 -06:00" IntervalSequenceNumber="1740632400" BlockSequenceNumber="1738951200" EndTime="2025-02-27T01:00:00.000 -06:00">
        <Reading UOM="CCF" BlockEndValue="0" Value="0.1400" RawValue="14.0000" Channel="1" />
      </Interval>
      <Interval GatewayCollectedTime="2025-02-27T01:00:00.000 -06:00" IntervalSequenceNumber="1740632400" BlockSequenceNumber="1738951200" EndTime="2025-02-27T02:00:00.000 -06:00">
        <Reading UOM="CCF" BlockEndValue="0" Value="0.1400" RawValue="14.0000" Channel="1" />
      </Interval>
      <Interval GatewayCollectedTime="2025-02-27T02:00:00.000 -06:00" IntervalSequenceNumber="1740632400" BlockSequenceNumber="1738951200" EndTime="2025-02-27T03:00:00.000 -06:00">
        <Reading UOM="CCF" BlockEndValue="0" Value="0.1400" RawValue="14.0000" Channel="1" />
      </Interval>
      <Interval GatewayCollectedTime="2025-02-27T03:00:00.000 -06:00" IntervalSequenceNumber="1740632400" BlockSequenceNumber="1738951200" EndTime="2025-02-27T04:00:00.000 -06:00">
        <Reading UOM="CCF" BlockEndValue="0" Value="0.1400" RawValue="14.0000" Channel="1" />
      </Interval>
      <Interval GatewayCollectedTime="2025-02-27T04:00:00.000 -06:00" IntervalSequenceNumber="1740632400" BlockSequenceNumber="1738951200" EndTime="2025-02-27T05:00:00.000 -06:00">
        <Reading UOM="CCF" BlockEndValue="0" Value="0.1400" RawValue="14.0000" Channel="1" />
      </Interval>
      <Interval GatewayCollectedTime="2025-02-27T05:00:00.000 -06:00" IntervalSequenceNumber="1740632400" BlockSequenceNumber="1738951200" EndTime="2025-02-27T06:00:00.000 -06:00">
        <Reading UOM="CCF" BlockEndValue="0" Value="0.1400" RawValue="14.0000" Channel="1" />
      </Interval>
      <Interval GatewayCollectedTime="2025-02-27T06:00:00.000 -06:00" IntervalSequenceNumber="1740632400" BlockSequenceNumber="1738951200" EndTime="2025-02-27T07:00:00.000 -06:00">
        <Reading UOM="CCF" BlockEndValue="0" Value="0.1400" RawValue="14.0000" Channel="1" />
      </Interval>
      <Interval GatewayCollectedTime="2025-02-27T07:00:00.000 -06:00" IntervalSequenceNumber="1740632400" BlockSequenceNumber="1738951200" EndTime="2025-02-27T08:00:00.000 -06:00">
        <Reading UOM="CCF" BlockEndValue="0" Value="0.1400" RawValue="14.0000" Channel="1" />
      </Interval>
      <Interval GatewayCollectedTime="2025-02-27T08:00:00.000 -06:00" IntervalSequenceNumber="1740632400" BlockSequenceNumber="1738951200" EndTime="2025-02-27T09:00:00.000 -06:00">
        <Reading UOM="CCF" BlockEndValue="0" Value="0.1400" RawValue="14.0000" Channel="1" />
      </Interval>
      <Interval GatewayCollectedTime="2025-02-27T09:00:00.000 -06:00" IntervalSequenceNumber="1740632400" BlockSequenceNumber="1738951200" EndTime="2025-02-27T10:00:00.000 -06:00">
        <Reading UOM="CCF" BlockEndValue="0" Value="0.1400" RawValue="14.0000" Channel="1" />
      </Interval>
      <Interval GatewayCollectedTime="2025-02-27T10:00:00.000 -06:00" IntervalSequenceNumber="1740632400" BlockSequenceNumber="1738951200" EndTime="2025-02-27T11:00:00.000 -06:00">
        <Reading UOM="CCF" BlockEndValue="0" Value="0.1400" RawValue="14.0000" Channel="1" />
      </Interval>
      <Interval GatewayCollectedTime="2025-02-27T11:00:00.000 -06:00" IntervalSequenceNumber="1740632400" BlockSequenceNumber="1738951200" EndTime="2025-02-27T12:00:00.000 -06:00">
        <Reading UOM="CCF" BlockEndValue="0" Value="0.1400" RawValue="14.0000" Channel="1" />
      </Interval>
      <Interval GatewayCollectedTime="2025-02-27T12:00:00.000 -06:00" IntervalSequenceNumber="1740632400" BlockSequenceNumber="1738951200" EndTime="2025-02-27T13:00:00.000 -06:00">
        <Reading UOM="CCF" BlockEndValue="0" Value="0.1400" RawValue="14.0000" Channel="1" />
      </Interval>
      <Interval GatewayCollectedTime="2025-02-27T13:00:00.000 -06:00" IntervalSequenceNumber="1740632400" BlockSequenceNumber="1738951200" EndTime="2025-02-27T14:00:00.000 -06:00">
        <Reading UOM="CCF" BlockEndValue="0" Value="0.1400" RawValue="14.0000" Channel="1" />
      </Interval>
      <Interval GatewayCollectedTime="2025-02-27T14:00:00.000 -06:00" IntervalSequenceNumber="1740632400" BlockSequenceNumber="1738951200" EndTime="2025-02-27T15:00:00.000 -06:00">
        <Reading UOM="CCF" BlockEndValue="0" Value="0.1400" RawValue="14.0000" Channel="1" />
      </Interval>
      <Interval GatewayCollectedTime="2025-02-27T15:00:00.000 -06:00" IntervalSequenceNumber="1740632400" BlockSequenceNumber="1738951200" EndTime="2025-02-27T16:00:00.000 -06:00">
        <Reading UOM="CCF" BlockEndValue="0" Value="0.1400" RawValue="14.0000" Channel="1" />
      </Interval>
      <Interval GatewayCollectedTime="2025-02-27T16:00:00.000 -06:00" IntervalSequenceNumber="1740632400" BlockSequenceNumber="1738951200" EndTime="2025-02-27T17:00:00.000 -06:00">
        <Reading UOM="CCF" BlockEndValue="0" Value="0.1400" RawValue="14.0000" Channel="1" />
      </Interval>
      <Interval GatewayCollectedTime="2025-02-27T17:00:00.000 -06:00" IntervalSequenceNumber="1740632400" BlockSequenceNumber="1738951200" EndTime="2025-02-27T18:00:00.000 -06:00">
        <Reading UOM="CCF" BlockEndValue="0" Value="0.1400" RawValue="14.0000" Channel="1" />
      </Interval>
      <Interval GatewayCollectedTime="2025-02-27T18:00:00.000 -06:00" IntervalSequenceNumber="1740632400" BlockSequenceNumber="1738951200" EndTime="2025-02-27T19:00:00.000 -06:00">
        <Reading UOM="CCF" BlockEndValue="0" Value="0.1400" RawValue="14.0000" Channel="1" />
      </Interval>
      <Interval GatewayCollectedTime="2025-02-27T19:00:00.000 -06:00" IntervalSequenceNumber="1740632400" BlockSequenceNumber="1738951200" EndTime="2025-02-27T20:00:00.000 -06:00">
        <Reading UOM="CCF" BlockEndValue="0" Value="0.1400" RawValue="14.0000" Channel="1" />
      </Interval>
      <Interval GatewayCollectedTime="2025-02-27T20:00:00.000 -06:00" IntervalSequenceNumber="1740632400" BlockSequenceNumber="1738951200" EndTime="2025-02-27T21:00:00.000 -06:00">
        <Reading UOM="CCF" BlockEndValue="0" Value="0.1400" RawValue="14.0000" Channel="1" />
      </Interval>
      <Interval GatewayCollectedTime="2025-02-27T21:00:00.000 -06:00" IntervalSequenceNumber="1740632400" BlockSequenceNumber="1738951200" EndTime="2025-02-27T22:00:00.000 -06:00">
        <Reading UOM="CCF" BlockEndValue="0" Value="0.1400" RawValue="14.0000" Channel="1" />
      </Interval>
      <Interval GatewayCollectedTime="2025-02-27T22:00:00.000 -06:00" IntervalSequenceNumber="1740632400" BlockSequenceNumber="1738951200" EndTime="2025-02-27T23:00:00.000 -06:00">
        <Reading UOM="CCF" BlockEndValue="0" Value="0.1400" RawValue="14.0000" Channel="1" />
      </Interval>
      <Interval GatewayCollectedTime="2025-02-27T23:00:00.000 -06:00" IntervalSequenceNumber="1740632400" BlockSequenceNumber="1738951200" EndTime="2025-02-28T00:00:00.000 -06:00">
        <Reading UOM="CCF" BlockEndValue="2471.3600" Value="0.1400" RawValue="14.0000" Channel="1" />
      </Interval>
    </IntervalReadData>
  </MeterData>
  <MeterData UtilServicePointID="756250000000" UtilDeviceID="GM18000413" MacID="00:07:81:43:07:CB:AE:DE" MeterName="GM18000413" xmlns="urn:com:ssn:schema:export:v2.5:SSNExportFormat.xsd">
    <RegisterData NumberReads="1" EndTime="2025-02-28T00:00:00.000 -06:00" StartTime="2025-02-28T00:00:00.000 -06:00">
      <RegisterRead RegisterReadSource="REG_SRC_TYPE_EOB_SELF_READ" GatewayCollectedTime="2025-02-27T00:00:00.000 -06:00" ReadTime="2025-02-28T00:00:00.000 -06:00">
        <Tier Number="0">
          <Register SummationUOM="CCF" Summation="1378.3600" SummationRawValue="137836" Number="1010" />
        </Tier>
      </RegisterRead>
    </RegisterData>
    <IntervalReadData LpSetId="1" NumberIntervals="24" EndTime="2025-02-28T00:00:00.000 -06:00" StartTime="2025-02-27T00:00:00.000 -06:00" IntervalLength="60">
      <Interval GatewayCollectedTime="2025-02-27T00:00:00.000 -06:00" IntervalSequenceNumber="1740632400" BlockSequenceNumber="1738951200" EndTime="2025-02-27T01:00:00.000 -06:00">
        <Reading UOM="CCF" BlockEndValue="0" Value="0.1400" RawValue="14.0000" Channel="1" />
      </Interval>
      <Interval GatewayCollectedTime="2025-02-27T01:00:00.000 -06:00" IntervalSequenceNumber="1740632400" BlockSequenceNumber="1738951200" EndTime="2025-02-27T02:00:00.000 -06:00">
        <Reading UOM="CCF" BlockEndValue="0" Value="0.1400" RawValue="14.0000" Channel="1" />
      </Interval>
      <Interval GatewayCollectedTime="2025-02-27T02:00:00.000 -06:00" IntervalSequenceNumber="1740632400" BlockSequenceNumber="1738951200" EndTime="2025-02-27T03:00:00.000 -06:00">
        <Reading UOM="CCF" BlockEndValue="0" Value="0.1400" RawValue="14.0000" Channel="1" />
      </Interval>
      <Interval GatewayCollectedTime="2025-02-27T03:00:00.000 -06:00" IntervalSequenceNumber="1740632400" BlockSequenceNumber="1738951200" EndTime="2025-02-27T04:00:00.000 -06:00">
        <Reading UOM="CCF" BlockEndValue="0" Value="0.1400" RawValue="14.0000" Channel="1" />
      </Interval>
      <Interval GatewayCollectedTime="2025-02-27T04:00:00.000 -06:00" IntervalSequenceNumber="1740632400" BlockSequenceNumber="1738951200" EndTime="2025-02-27T05:00:00.000 -06:00">
        <Reading UOM="CCF" BlockEndValue="0" Value="0.1400" RawValue="14.0000" Channel="1" />
      </Interval>
      <Interval GatewayCollectedTime="2025-02-27T05:00:00.000 -06:00" IntervalSequenceNumber="1740632400" BlockSequenceNumber="1738951200" EndTime="2025-02-27T06:00:00.000 -06:00">
        <Reading UOM="CCF" BlockEndValue="0" Value="0.1400" RawValue="14.0000" Channel="1" />
      </Interval>
      <Interval GatewayCollectedTime="2025-02-27T06:00:00.000 -06:00" IntervalSequenceNumber="1740632400" BlockSequenceNumber="1738951200" EndTime="2025-02-27T07:00:00.000 -06:00">
        <Reading UOM="CCF" BlockEndValue="0" Value="0.1400" RawValue="14.0000" Channel="1" />
      </Interval>
      <Interval GatewayCollectedTime="2025-02-27T07:00:00.000 -06:00" IntervalSequenceNumber="1740632400" BlockSequenceNumber="1738951200" EndTime="2025-02-27T08:00:00.000 -06:00">
        <Reading UOM="CCF" BlockEndValue="0" Value="0.1400" RawValue="14.0000" Channel="1" />
      </Interval>
      <Interval GatewayCollectedTime="2025-02-27T08:00:00.000 -06:00" IntervalSequenceNumber="1740632400" BlockSequenceNumber="1738951200" EndTime="2025-02-27T09:00:00.000 -06:00">
        <Reading UOM="CCF" BlockEndValue="0" Value="0.1400" RawValue="14.0000" Channel="1" />
      </Interval>
      <Interval GatewayCollectedTime="2025-02-27T09:00:00.000 -06:00" IntervalSequenceNumber="1740632400" BlockSequenceNumber="1738951200" EndTime="2025-02-27T10:00:00.000 -06:00">
        <Reading UOM="CCF" BlockEndValue="0" Value="0.1400" RawValue="14.0000" Channel="1" />
      </Interval>
      <Interval GatewayCollectedTime="2025-02-27T10:00:00.000 -06:00" IntervalSequenceNumber="1740632400" BlockSequenceNumber="1738951200" EndTime="2025-02-27T11:00:00.000 -06:00">
        <Reading UOM="CCF" BlockEndValue="0" Value="0.1400" RawValue="14.0000" Channel="1" />
      </Interval>
      <Interval GatewayCollectedTime="2025-02-27T11:00:00.000 -06:00" IntervalSequenceNumber="1740632400" BlockSequenceNumber="1738951200" EndTime="2025-02-27T12:00:00.000 -06:00">
        <Reading UOM="CCF" BlockEndValue="0" Value="0.1400" RawValue="14.0000" Channel="1" />
      </Interval>
      <Interval GatewayCollectedTime="2025-02-27T12:00:00.000 -06:00" IntervalSequenceNumber="1740632400" BlockSequenceNumber="1738951200" EndTime="2025-02-27T13:00:00.000 -06:00">
        <Reading UOM="CCF" BlockEndValue="0" Value="0.1400" RawValue="14.0000" Channel="1" />
      </Interval>
      <Interval GatewayCollectedTime="2025-02-27T13:00:00.000 -06:00" IntervalSequenceNumber="1740632400" BlockSequenceNumber="1738951200" EndTime="2025-02-27T14:00:00.000 -06:00">
        <Reading UOM="CCF" BlockEndValue="0" Value="0.1400" RawValue="14.0000" Channel="1" />
      </Interval>
      <Interval GatewayCollectedTime="2025-02-27T14:00:00.000 -06:00" IntervalSequenceNumber="1740632400" BlockSequenceNumber="1738951200" EndTime="2025-02-27T15:00:00.000 -06:00">
        <Reading UOM="CCF" BlockEndValue="0" Value="0.1400" RawValue="14.0000" Channel="1" />
      </Interval>
      <Interval GatewayCollectedTime="2025-02-27T15:00:00.000 -06:00" IntervalSequenceNumber="1740632400" BlockSequenceNumber="1738951200" EndTime="2025-02-27T16:00:00.000 -06:00">
        <Reading UOM="CCF" BlockEndValue="0" Value="0.1400" RawValue="14.0000" Channel="1" />
      </Interval>
      <Interval GatewayCollectedTime="2025-02-27T16:00:00.000 -06:00" IntervalSequenceNumber="1740632400" BlockSequenceNumber="1738951200" EndTime="2025-02-27T17:00:00.000 -06:00">
        <Reading UOM="CCF" BlockEndValue="0" Value="0.1400" RawValue="14.0000" Channel="1" />
      </Interval>
      <Interval GatewayCollectedTime="2025-02-27T17:00:00.000 -06:00" IntervalSequenceNumber="1740632400" BlockSequenceNumber="1738951200" EndTime="2025-02-27T18:00:00.000 -06:00">
        <Reading UOM="CCF" BlockEndValue="0" Value="0.1400" RawValue="14.0000" Channel="1" />
      </Interval>
      <Interval GatewayCollectedTime="2025-02-27T18:00:00.000 -06:00" IntervalSequenceNumber="1740632400" BlockSequenceNumber="1738951200" EndTime="2025-02-27T19:00:00.000 -06:00">
        <Reading UOM="CCF" BlockEndValue="0" Value="0.1400" RawValue="14.0000" Channel="1" />
      </Interval>
      <Interval GatewayCollectedTime="2025-02-27T19:00:00.000 -06:00" IntervalSequenceNumber="1740632400" BlockSequenceNumber="1738951200" EndTime="2025-02-27T20:00:00.000 -06:00">
        <Reading UOM="CCF" BlockEndValue="0" Value="0.1400" RawValue="14.0000" Channel="1" />
      </Interval>
      <Interval GatewayCollectedTime="2025-02-27T20:00:00.000 -06:00" IntervalSequenceNumber="1740632400" BlockSequenceNumber="1738951200" EndTime="2025-02-27T21:00:00.000 -06:00">
        <Reading UOM="CCF" BlockEndValue="0" Value="0.1400" RawValue="14.0000" Channel="1" />
      </Interval>
      <Interval GatewayCollectedTime="2025-02-27T21:00:00.000 -06:00" IntervalSequenceNumber="1740632400" BlockSequenceNumber="1738951200" EndTime="2025-02-27T22:00:00.000 -06:00">
        <Reading UOM="CCF" BlockEndValue="0" Value="0.1400" RawValue="14.0000" Channel="1" />
      </Interval>
      <Interval GatewayCollectedTime="2025-02-27T22:00:00.000 -06:00" IntervalSequenceNumber="1740632400" BlockSequenceNumber="1738951200" EndTime="2025-02-27T23:00:00.000 -06:00">
        <Reading UOM="CCF" BlockEndValue="0" Value="0.1400" RawValue="14.0000" Channel="1" />
      </Interval>
      <Interval GatewayCollectedTime="2025-02-27T23:00:00.000 -06:00" IntervalSequenceNumber="1740632400" BlockSequenceNumber="1738951200" EndTime="2025-02-28T00:00:00.000 -06:00">
        <Reading UOM="CCF" BlockEndValue="1378.3600" Value="0.1400" RawValue="14.0000" Channel="1" />
      </Interval>
    </IntervalReadData>
  </MeterData>
  <MeterData UtilServicePointID="616260000000" UtilDeviceID="GM18000459" MacID="00:07:81:43:07:C5:E6:1F" MeterName="GM18000459" xmlns="urn:com:ssn:schema:export:v2.5:SSNExportFormat.xsd">
    <RegisterData NumberReads="1" EndTime="2025-02-28T00:00:00.000 -06:00" StartTime="2025-02-28T00:00:00.000 -06:00">
      <RegisterRead RegisterReadSource="REG_SRC_TYPE_EOB_SELF_READ" GatewayCollectedTime="2025-02-27T00:00:00.000 -06:00" ReadTime="2025-02-28T00:00:00.000 -06:00">
        <Tier Number="0">
          <Register SummationUOM="CCF" Summation="2195.3600" SummationRawValue="219536" Number="1010" />
        </Tier>
      </RegisterRead>
    </RegisterData>
    <IntervalReadData LpSetId="1" NumberIntervals="24" EndTime="2025-02-28T00:00:00.000 -06:00" StartTime="2025-02-27T00:00:00.000 -06:00" IntervalLength="60">
      <Interval GatewayCollectedTime="2025-02-27T00:00:00.000 -06:00" IntervalSequenceNumber="1740632400" BlockSequenceNumber="1738951200" EndTime="2025-02-27T01:00:00.000 -06:00">
        <Reading UOM="CCF" BlockEndValue="0" Value="0.1400" RawValue="14.0000" Channel="1" />
      </Interval>
      <Interval GatewayCollectedTime="2025-02-27T01:00:00.000 -06:00" IntervalSequenceNumber="1740632400" BlockSequenceNumber="1738951200" EndTime="2025-02-27T02:00:00.000 -06:00">
        <Reading UOM="CCF" BlockEndValue="0" Value="0.1400" RawValue="14.0000" Channel="1" />
      </Interval>
      <Interval GatewayCollectedTime="2025-02-27T02:00:00.000 -06:00" IntervalSequenceNumber="1740632400" BlockSequenceNumber="1738951200" EndTime="2025-02-27T03:00:00.000 -06:00">
        <Reading UOM="CCF" BlockEndValue="0" Value="0.1400" RawValue="14.0000" Channel="1" />
      </Interval>
      <Interval GatewayCollectedTime="2025-02-27T03:00:00.000 -06:00" IntervalSequenceNumber="1740632400" BlockSequenceNumber="1738951200" EndTime="2025-02-27T04:00:00.000 -06:00">
        <Reading UOM="CCF" BlockEndValue="0" Value="0.1400" RawValue="14.0000" Channel="1" />
      </Interval>
      <Interval GatewayCollectedTime="2025-02-27T04:00:00.000 -06:00" IntervalSequenceNumber="1740632400" BlockSequenceNumber="1738951200" EndTime="2025-02-27T05:00:00.000 -06:00">
        <Reading UOM="CCF" BlockEndValue="0" Value="0.1400" RawValue="14.0000" Channel="1" />
      </Interval>
      <Interval GatewayCollectedTime="2025-02-27T05:00:00.000 -06:00" IntervalSequenceNumber="1740632400" BlockSequenceNumber="1738951200" EndTime="2025-02-27T06:00:00.000 -06:00">
        <Reading UOM="CCF" BlockEndValue="0" Value="0.1400" RawValue="14.0000" Channel="1" />
      </Interval>
      <Interval GatewayCollectedTime="2025-02-27T06:00:00.000 -06:00" IntervalSequenceNumber="1740632400" BlockSequenceNumber="1738951200" EndTime="2025-02-27T07:00:00.000 -06:00">
        <Reading UOM="CCF" BlockEndValue="0" Value="0.1400" RawValue="14.0000" Channel="1" />
      </Interval>
      <Interval GatewayCollectedTime="2025-02-27T07:00:00.000 -06:00" IntervalSequenceNumber="1740632400" BlockSequenceNumber="1738951200" EndTime="2025-02-27T08:00:00.000 -06:00">
        <Reading UOM="CCF" BlockEndValue="0" Value="0.1400" RawValue="14.0000" Channel="1" />
      </Interval>
      <Interval GatewayCollectedTime="2025-02-27T08:00:00.000 -06:00" IntervalSequenceNumber="1740632400" BlockSequenceNumber="1738951200" EndTime="2025-02-27T09:00:00.000 -06:00">
        <Reading UOM="CCF" BlockEndValue="0" Value="0.1400" RawValue="14.0000" Channel="1" />
      </Interval>
      <Interval GatewayCollectedTime="2025-02-27T09:00:00.000 -06:00" IntervalSequenceNumber="1740632400" BlockSequenceNumber="1738951200" EndTime="2025-02-27T10:00:00.000 -06:00">
        <Reading UOM="CCF" BlockEndValue="0" Value="0.1400" RawValue="14.0000" Channel="1" />
      </Interval>
      <Interval GatewayCollectedTime="2025-02-27T10:00:00.000 -06:00" IntervalSequenceNumber="1740632400" BlockSequenceNumber="1738951200" EndTime="2025-02-27T11:00:00.000 -06:00">
        <Reading UOM="CCF" BlockEndValue="0" Value="0.1400" RawValue="14.0000" Channel="1" />
      </Interval>
      <Interval GatewayCollectedTime="2025-02-27T11:00:00.000 -06:00" IntervalSequenceNumber="1740632400" BlockSequenceNumber="1738951200" EndTime="2025-02-27T12:00:00.000 -06:00">
        <Reading UOM="CCF" BlockEndValue="0" Value="0.1400" RawValue="14.0000" Channel="1" />
      </Interval>
      <Interval GatewayCollectedTime="2025-02-27T12:00:00.000 -06:00" IntervalSequenceNumber="1740632400" BlockSequenceNumber="1738951200" EndTime="2025-02-27T13:00:00.000 -06:00">
        <Reading UOM="CCF" BlockEndValue="0" Value="0.1400" RawValue="14.0000" Channel="1" />
      </Interval>
      <Interval GatewayCollectedTime="2025-02-27T13:00:00.000 -06:00" IntervalSequenceNumber="1740632400" BlockSequenceNumber="1738951200" EndTime="2025-02-27T14:00:00.000 -06:00">
        <Reading UOM="CCF" BlockEndValue="0" Value="0.1400" RawValue="14.0000" Channel="1" />
      </Interval>
      <Interval GatewayCollectedTime="2025-02-27T14:00:00.000 -06:00" IntervalSequenceNumber="1740632400" BlockSequenceNumber="1738951200" EndTime="2025-02-27T15:00:00.000 -06:00">
        <Reading UOM="CCF" BlockEndValue="0" Value="0.1400" RawValue="14.0000" Channel="1" />
      </Interval>
      <Interval GatewayCollectedTime="2025-02-27T15:00:00.000 -06:00" IntervalSequenceNumber="1740632400" BlockSequenceNumber="1738951200" EndTime="2025-02-27T16:00:00.000 -06:00">
        <Reading UOM="CCF" BlockEndValue="0" Value="0.1400" RawValue="14.0000" Channel="1" />
      </Interval>
      <Interval GatewayCollectedTime="2025-02-27T16:00:00.000 -06:00" IntervalSequenceNumber="1740632400" BlockSequenceNumber="1738951200" EndTime="2025-02-27T17:00:00.000 -06:00">
        <Reading UOM="CCF" BlockEndValue="0" Value="0.1400" RawValue="14.0000" Channel="1" />
      </Interval>
      <Interval GatewayCollectedTime="2025-02-27T17:00:00.000 -06:00" IntervalSequenceNumber="1740632400" BlockSequenceNumber="1738951200" EndTime="2025-02-27T18:00:00.000 -06:00">
        <Reading UOM="CCF" BlockEndValue="0" Value="0.1400" RawValue="14.0000" Channel="1" />
      </Interval>
      <Interval GatewayCollectedTime="2025-02-27T18:00:00.000 -06:00" IntervalSequenceNumber="1740632400" BlockSequenceNumber="1738951200" EndTime="2025-02-27T19:00:00.000 -06:00">
        <Reading UOM="CCF" BlockEndValue="0" Value="0.1400" RawValue="14.0000" Channel="1" />
      </Interval>
      <Interval GatewayCollectedTime="2025-02-27T19:00:00.000 -06:00" IntervalSequenceNumber="1740632400" BlockSequenceNumber="1738951200" EndTime="2025-02-27T20:00:00.000 -06:00">
        <Reading UOM="CCF" BlockEndValue="0" Value="0.1400" RawValue="14.0000" Channel="1" />
      </Interval>
      <Interval GatewayCollectedTime="2025-02-27T20:00:00.000 -06:00" IntervalSequenceNumber="1740632400" BlockSequenceNumber="1738951200" EndTime="2025-02-27T21:00:00.000 -06:00">
        <Reading UOM="CCF" BlockEndValue="0" Value="0.1400" RawValue="14.0000" Channel="1" />
      </Interval>
      <Interval GatewayCollectedTime="2025-02-27T21:00:00.000 -06:00" IntervalSequenceNumber="1740632400" BlockSequenceNumber="1738951200" EndTime="2025-02-27T22:00:00.000 -06:00">
        <Reading UOM="CCF" BlockEndValue="0" Value="0.1400" RawValue="14.0000" Channel="1" />
      </Interval>
      <Interval GatewayCollectedTime="2025-02-27T22:00:00.000 -06:00" IntervalSequenceNumber="1740632400" BlockSequenceNumber="1738951200" EndTime="2025-02-27T23:00:00.000 -06:00">
        <Reading UOM="CCF" BlockEndValue="0" Value="0.1400" RawValue="14.0000" Channel="1" />
      </Interval>
      <Interval GatewayCollectedTime="2025-02-27T23:00:00.000 -06:00" IntervalSequenceNumber="1740632400" BlockSequenceNumber="1738951200" EndTime="2025-02-28T00:00:00.000 -06:00">
        <Reading UOM="CCF" BlockEndValue="2195.3600" Value="0.1400" RawValue="14.0000" Channel="1" />
      </Interval>
    </IntervalReadData>
  </MeterData>
  <MeterData UtilServicePointID="066161000000" UtilDeviceID="GM18000714" MacID="00:07:81:43:07:C9:9E:70" MeterName="GM18000714" xmlns="urn:com:ssn:schema:export:v2.5:SSNExportFormat.xsd">
    <RegisterData NumberReads="1" EndTime="2025-02-28T00:00:00.000 -06:00" StartTime="2025-02-28T00:00:00.000 -06:00">
      <RegisterRead RegisterReadSource="REG_SRC_TYPE_EOB_SELF_READ" GatewayCollectedTime="2025-02-27T00:00:00.000 -06:00" ReadTime="2025-02-28T00:00:00.000 -06:00">
        <Tier Number="0">
          <Register SummationUOM="CCF" Summation="590.3600" SummationRawValue="59036" Number="1010" />
        </Tier>
      </RegisterRead>
    </RegisterData>
    <IntervalReadData LpSetId="1" NumberIntervals="24" EndTime="2025-02-28T00:00:00.000 -06:00" StartTime="2025-02-27T00:00:00.000 -06:00" IntervalLength="60">
      <Interval GatewayCollectedTime="2025-02-27T00:00:00.000 -06:00" IntervalSequenceNumber="1740632400" BlockSequenceNumber="1738951200" EndTime="2025-02-27T01:00:00.000 -06:00">
        <Reading UOM="CCF" BlockEndValue="0" Value="0.1400" RawValue="14.0000" Channel="1" />
      </Interval>
      <Interval GatewayCollectedTime="2025-02-27T01:00:00.000 -06:00" IntervalSequenceNumber="1740632400" BlockSequenceNumber="1738951200" EndTime="2025-02-27T02:00:00.000 -06:00">
        <Reading UOM="CCF" BlockEndValue="0" Value="0.1400" RawValue="14.0000" Channel="1" />
      </Interval>
      <Interval GatewayCollectedTime="2025-02-27T02:00:00.000 -06:00" IntervalSequenceNumber="1740632400" BlockSequenceNumber="1738951200" EndTime="2025-02-27T03:00:00.000 -06:00">
        <Reading UOM="CCF" BlockEndValue="0" Value="0.1400" RawValue="14.0000" Channel="1" />
      </Interval>
      <Interval GatewayCollectedTime="2025-02-27T03:00:00.000 -06:00" IntervalSequenceNumber="1740632400" BlockSequenceNumber="1738951200" EndTime="2025-02-27T04:00:00.000 -06:00">
        <Reading UOM="CCF" BlockEndValue="0" Value="0.1400" RawValue="14.0000" Channel="1" />
      </Interval>
      <Interval GatewayCollectedTime="2025-02-27T04:00:00.000 -06:00" IntervalSequenceNumber="1740632400" BlockSequenceNumber="1738951200" EndTime="2025-02-27T05:00:00.000 -06:00">
        <Reading UOM="CCF" BlockEndValue="0" Value="0.1400" RawValue="14.0000" Channel="1" />
      </Interval>
      <Interval GatewayCollectedTime="2025-02-27T05:00:00.000 -06:00" IntervalSequenceNumber="1740632400" BlockSequenceNumber="1738951200" EndTime="2025-02-27T06:00:00.000 -06:00">
        <Reading UOM="CCF" BlockEndValue="0" Value="0.1400" RawValue="14.0000" Channel="1" />
      </Interval>
      <Interval GatewayCollectedTime="2025-02-27T06:00:00.000 -06:00" IntervalSequenceNumber="1740632400" BlockSequenceNumber="1738951200" EndTime="2025-02-27T07:00:00.000 -06:00">
        <Reading UOM="CCF" BlockEndValue="0" Value="0.1400" RawValue="14.0000" Channel="1" />
      </Interval>
      <Interval GatewayCollectedTime="2025-02-27T07:00:00.000 -06:00" IntervalSequenceNumber="1740632400" BlockSequenceNumber="1738951200" EndTime="2025-02-27T08:00:00.000 -06:00">
        <Reading UOM="CCF" BlockEndValue="0" Value="0.1400" RawValue="14.0000" Channel="1" />
      </Interval>
      <Interval GatewayCollectedTime="2025-02-27T08:00:00.000 -06:00" IntervalSequenceNumber="1740632400" BlockSequenceNumber="1738951200" EndTime="2025-02-27T09:00:00.000 -06:00">
        <Reading UOM="CCF" BlockEndValue="0" Value="0.1400" RawValue="14.0000" Channel="1" />
      </Interval>
      <Interval GatewayCollectedTime="2025-02-27T09:00:00.000 -06:00" IntervalSequenceNumber="1740632400" BlockSequenceNumber="1738951200" EndTime="2025-02-27T10:00:00.000 -06:00">
        <Reading UOM="CCF" BlockEndValue="0" Value="0.1400" RawValue="14.0000" Channel="1" />
      </Interval>
      <Interval GatewayCollectedTime="2025-02-27T10:00:00.000 -06:00" IntervalSequenceNumber="1740632400" BlockSequenceNumber="1738951200" EndTime="2025-02-27T11:00:00.000 -06:00">
        <Reading UOM="CCF" BlockEndValue="0" Value="0.1400" RawValue="14.0000" Channel="1" />
      </Interval>
      <Interval GatewayCollectedTime="2025-02-27T11:00:00.000 -06:00" IntervalSequenceNumber="1740632400" BlockSequenceNumber="1738951200" EndTime="2025-02-27T12:00:00.000 -06:00">
        <Reading UOM="CCF" BlockEndValue="0" Value="0.1400" RawValue="14.0000" Channel="1" />
      </Interval>
      <Interval GatewayCollectedTime="2025-02-27T12:00:00.000 -06:00" IntervalSequenceNumber="1740632400" BlockSequenceNumber="1738951200" EndTime="2025-02-27T13:00:00.000 -06:00">
        <Reading UOM="CCF" BlockEndValue="0" Value="0.1400" RawValue="14.0000" Channel="1" />
      </Interval>
      <Interval GatewayCollectedTime="2025-02-27T13:00:00.000 -06:00" IntervalSequenceNumber="1740632400" BlockSequenceNumber="1738951200" EndTime="2025-02-27T14:00:00.000 -06:00">
        <Reading UOM="CCF" BlockEndValue="0" Value="0.1400" RawValue="14.0000" Channel="1" />
      </Interval>
      <Interval GatewayCollectedTime="2025-02-27T14:00:00.000 -06:00" IntervalSequenceNumber="1740632400" BlockSequenceNumber="1738951200" EndTime="2025-02-27T15:00:00.000 -06:00">
        <Reading UOM="CCF" BlockEndValue="0" Value="0.1400" RawValue="14.0000" Channel="1" />
      </Interval>
      <Interval GatewayCollectedTime="2025-02-27T15:00:00.000 -06:00" IntervalSequenceNumber="1740632400" BlockSequenceNumber="1738951200" EndTime="2025-02-27T16:00:00.000 -06:00">
        <Reading UOM="CCF" BlockEndValue="0" Value="0.1400" RawValue="14.0000" Channel="1" />
      </Interval>
      <Interval GatewayCollectedTime="2025-02-27T16:00:00.000 -06:00" IntervalSequenceNumber="1740632400" BlockSequenceNumber="1738951200" EndTime="2025-02-27T17:00:00.000 -06:00">
        <Reading UOM="CCF" BlockEndValue="0" Value="0.1400" RawValue="14.0000" Channel="1" />
      </Interval>
      <Interval GatewayCollectedTime="2025-02-27T17:00:00.000 -06:00" IntervalSequenceNumber="1740632400" BlockSequenceNumber="1738951200" EndTime="2025-02-27T18:00:00.000 -06:00">
        <Reading UOM="CCF" BlockEndValue="0" Value="0.1400" RawValue="14.0000" Channel="1" />
      </Interval>
      <Interval GatewayCollectedTime="2025-02-27T18:00:00.000 -06:00" IntervalSequenceNumber="1740632400" BlockSequenceNumber="1738951200" EndTime="2025-02-27T19:00:00.000 -06:00">
        <Reading UOM="CCF" BlockEndValue="0" Value="0.1400" RawValue="14.0000" Channel="1" />
      </Interval>
      <Interval GatewayCollectedTime="2025-02-27T19:00:00.000 -06:00" IntervalSequenceNumber="1740632400" BlockSequenceNumber="1738951200" EndTime="2025-02-27T20:00:00.000 -06:00">
        <Reading UOM="CCF" BlockEndValue="0" Value="0.1400" RawValue="14.0000" Channel="1" />
      </Interval>
      <Interval GatewayCollectedTime="2025-02-27T20:00:00.000 -06:00" IntervalSequenceNumber="1740632400" BlockSequenceNumber="1738951200" EndTime="2025-02-27T21:00:00.000 -06:00">
        <Reading UOM="CCF" BlockEndValue="0" Value="0.1400" RawValue="14.0000" Channel="1" />
      </Interval>
      <Interval GatewayCollectedTime="2025-02-27T21:00:00.000 -06:00" IntervalSequenceNumber="1740632400" BlockSequenceNumber="1738951200" EndTime="2025-02-27T22:00:00.000 -06:00">
        <Reading UOM="CCF" BlockEndValue="0" Value="0.1400" RawValue="14.0000" Channel="1" />
      </Interval>
      <Interval GatewayCollectedTime="2025-02-27T22:00:00.000 -06:00" IntervalSequenceNumber="1740632400" BlockSequenceNumber="1738951200" EndTime="2025-02-27T23:00:00.000 -06:00">
        <Reading UOM="CCF" BlockEndValue="0" Value="0.1400" RawValue="14.0000" Channel="1" />
      </Interval>
      <Interval GatewayCollectedTime="2025-02-27T23:00:00.000 -06:00" IntervalSequenceNumber="1740632400" BlockSequenceNumber="1738951200" EndTime="2025-02-28T00:00:00.000 -06:00">
        <Reading UOM="CCF" BlockEndValue="590.3600" Value="0.1400" RawValue="14.0000" Channel="1" />
      </Interval>
    </IntervalReadData>
  </MeterData>
  <MeterData UtilServicePointID="617111000000" UtilDeviceID="GM18000739" MacID="00:07:81:43:07:CD:31:51" MeterName="GM18000739" xmlns="urn:com:ssn:schema:export:v2.5:SSNExportFormat.xsd">
    <RegisterData NumberReads="1" EndTime="2025-02-28T00:00:00.000 -06:00" StartTime="2025-02-28T00:00:00.000 -06:00">
      <RegisterRead RegisterReadSource="REG_SRC_TYPE_EOB_SELF_READ" GatewayCollectedTime="2025-02-27T00:00:00.000 -06:00" ReadTime="2025-02-28T00:00:00.000 -06:00">
        <Tier Number="0">
          <Register SummationUOM="CCF" Summation="46.3600" SummationRawValue="4636" Number="1010" />
        </Tier>
      </RegisterRead>
    </RegisterData>
    <IntervalReadData LpSetId="1" NumberIntervals="24" EndTime="2025-02-28T00:00:00.000 -06:00" StartTime="2025-02-27T00:00:00.000 -06:00" IntervalLength="60">
      <Interval GatewayCollectedTime="2025-02-27T00:00:00.000 -06:00" IntervalSequenceNumber="1740632400" BlockSequenceNumber="1738951200" EndTime="2025-02-27T01:00:00.000 -06:00">
        <Reading UOM="CCF" BlockEndValue="0" Value="0.1400" RawValue="14.0000" Channel="1" />
      </Interval>
      <Interval GatewayCollectedTime="2025-02-27T01:00:00.000 -06:00" IntervalSequenceNumber="1740632400" BlockSequenceNumber="1738951200" EndTime="2025-02-27T02:00:00.000 -06:00">
        <Reading UOM="CCF" BlockEndValue="0" Value="0.1400" RawValue="14.0000" Channel="1" />
      </Interval>
      <Interval GatewayCollectedTime="2025-02-27T02:00:00.000 -06:00" IntervalSequenceNumber="1740632400" BlockSequenceNumber="1738951200" EndTime="2025-02-27T03:00:00.000 -06:00">
        <Reading UOM="CCF" BlockEndValue="0" Value="0.1400" RawValue="14.0000" Channel="1" />
      </Interval>
      <Interval GatewayCollectedTime="2025-02-27T03:00:00.000 -06:00" IntervalSequenceNumber="1740632400" BlockSequenceNumber="1738951200" EndTime="2025-02-27T04:00:00.000 -06:00">
        <Reading UOM="CCF" BlockEndValue="0" Value="0.1400" RawValue="14.0000" Channel="1" />
      </Interval>
      <Interval GatewayCollectedTime="2025-02-27T04:00:00.000 -06:00" IntervalSequenceNumber="1740632400" BlockSequenceNumber="1738951200" EndTime="2025-02-27T05:00:00.000 -06:00">
        <Reading UOM="CCF" BlockEndValue="0" Value="0.1400" RawValue="14.0000" Channel="1" />
      </Interval>
      <Interval GatewayCollectedTime="2025-02-27T05:00:00.000 -06:00" IntervalSequenceNumber="1740632400" BlockSequenceNumber="1738951200" EndTime="2025-02-27T06:00:00.000 -06:00">
        <Reading UOM="CCF" BlockEndValue="0" Value="0.1400" RawValue="14.0000" Channel="1" />
      </Interval>
      <Interval GatewayCollectedTime="2025-02-27T06:00:00.000 -06:00" IntervalSequenceNumber="1740632400" BlockSequenceNumber="1738951200" EndTime="2025-02-27T07:00:00.000 -06:00">
        <Reading UOM="CCF" BlockEndValue="0" Value="0.1400" RawValue="14.0000" Channel="1" />
      </Interval>
      <Interval GatewayCollectedTime="2025-02-27T07:00:00.000 -06:00" IntervalSequenceNumber="1740632400" BlockSequenceNumber="1738951200" EndTime="2025-02-27T08:00:00.000 -06:00">
        <Reading UOM="CCF" BlockEndValue="0" Value="0.1400" RawValue="14.0000" Channel="1" />
      </Interval>
      <Interval GatewayCollectedTime="2025-02-27T08:00:00.000 -06:00" IntervalSequenceNumber="1740632400" BlockSequenceNumber="1738951200" EndTime="2025-02-27T09:00:00.000 -06:00">
        <Reading UOM="CCF" BlockEndValue="0" Value="0.1400" RawValue="14.0000" Channel="1" />
      </Interval>
      <Interval GatewayCollectedTime="2025-02-27T09:00:00.000 -06:00" IntervalSequenceNumber="1740632400" BlockSequenceNumber="1738951200" EndTime="2025-02-27T10:00:00.000 -06:00">
        <Reading UOM="CCF" BlockEndValue="0" Value="0.1400" RawValue="14.0000" Channel="1" />
      </Interval>
      <Interval GatewayCollectedTime="2025-02-27T10:00:00.000 -06:00" IntervalSequenceNumber="1740632400" BlockSequenceNumber="1738951200" EndTime="2025-02-27T11:00:00.000 -06:00">
        <Reading UOM="CCF" BlockEndValue="0" Value="0.1400" RawValue="14.0000" Channel="1" />
      </Interval>
      <Interval GatewayCollectedTime="2025-02-27T11:00:00.000 -06:00" IntervalSequenceNumber="1740632400" BlockSequenceNumber="1738951200" EndTime="2025-02-27T12:00:00.000 -06:00">
        <Reading UOM="CCF" BlockEndValue="0" Value="0.1400" RawValue="14.0000" Channel="1" />
      </Interval>
      <Interval GatewayCollectedTime="2025-02-27T12:00:00.000 -06:00" IntervalSequenceNumber="1740632400" BlockSequenceNumber="1738951200" EndTime="2025-02-27T13:00:00.000 -06:00">
        <Reading UOM="CCF" BlockEndValue="0" Value="0.1400" RawValue="14.0000" Channel="1" />
      </Interval>
      <Interval GatewayCollectedTime="2025-02-27T13:00:00.000 -06:00" IntervalSequenceNumber="1740632400" BlockSequenceNumber="1738951200" EndTime="2025-02-27T14:00:00.000 -06:00">
        <Reading UOM="CCF" BlockEndValue="0" Value="0.1400" RawValue="14.0000" Channel="1" />
      </Interval>
      <Interval GatewayCollectedTime="2025-02-27T14:00:00.000 -06:00" IntervalSequenceNumber="1740632400" BlockSequenceNumber="1738951200" EndTime="2025-02-27T15:00:00.000 -06:00">
        <Reading UOM="CCF" BlockEndValue="0" Value="0.1400" RawValue="14.0000" Channel="1" />
      </Interval>
      <Interval GatewayCollectedTime="2025-02-27T15:00:00.000 -06:00" IntervalSequenceNumber="1740632400" BlockSequenceNumber="1738951200" EndTime="2025-02-27T16:00:00.000 -06:00">
        <Reading UOM="CCF" BlockEndValue="0" Value="0.1400" RawValue="14.0000" Channel="1" />
      </Interval>
      <Interval GatewayCollectedTime="2025-02-27T16:00:00.000 -06:00" IntervalSequenceNumber="1740632400" BlockSequenceNumber="1738951200" EndTime="2025-02-27T17:00:00.000 -06:00">
        <Reading UOM="CCF" BlockEndValue="0" Value="0.1400" RawValue="14.0000" Channel="1" />
      </Interval>
      <Interval GatewayCollectedTime="2025-02-27T17:00:00.000 -06:00" IntervalSequenceNumber="1740632400" BlockSequenceNumber="1738951200" EndTime="2025-02-27T18:00:00.000 -06:00">
        <Reading UOM="CCF" BlockEndValue="0" Value="0.1400" RawValue="14.0000" Channel="1" />
      </Interval>
      <Interval GatewayCollectedTime="2025-02-27T18:00:00.000 -06:00" IntervalSequenceNumber="1740632400" BlockSequenceNumber="1738951200" EndTime="2025-02-27T19:00:00.000 -06:00">
        <Reading UOM="CCF" BlockEndValue="0" Value="0.1400" RawValue="14.0000" Channel="1" />
      </Interval>
      <Interval GatewayCollectedTime="2025-02-27T19:00:00.000 -06:00" IntervalSequenceNumber="1740632400" BlockSequenceNumber="1738951200" EndTime="2025-02-27T20:00:00.000 -06:00">
        <Reading UOM="CCF" BlockEndValue="0" Value="0.1400" RawValue="14.0000" Channel="1" />
      </Interval>
      <Interval GatewayCollectedTime="2025-02-27T20:00:00.000 -06:00" IntervalSequenceNumber="1740632400" BlockSequenceNumber="1738951200" EndTime="2025-02-27T21:00:00.000 -06:00">
        <Reading UOM="CCF" BlockEndValue="0" Value="0.1400" RawValue="14.0000" Channel="1" />
      </Interval>
      <Interval GatewayCollectedTime="2025-02-27T21:00:00.000 -06:00" IntervalSequenceNumber="1740632400" BlockSequenceNumber="1738951200" EndTime="2025-02-27T22:00:00.000 -06:00">
        <Reading UOM="CCF" BlockEndValue="0" Value="0.1400" RawValue="14.0000" Channel="1" />
      </Interval>
      <Interval GatewayCollectedTime="2025-02-27T22:00:00.000 -06:00" IntervalSequenceNumber="1740632400" BlockSequenceNumber="1738951200" EndTime="2025-02-27T23:00:00.000 -06:00">
        <Reading UOM="CCF" BlockEndValue="0" Value="0.1400" RawValue="14.0000" Channel="1" />
      </Interval>
      <Interval GatewayCollectedTime="2025-02-27T23:00:00.000 -06:00" IntervalSequenceNumber="1740632400" BlockSequenceNumber="1738951200" EndTime="2025-02-28T00:00:00.000 -06:00">
        <Reading UOM="CCF" BlockEndValue="46.3600" Value="0.1400" RawValue="14.0000" Channel="1" />
      </Interval>
    </IntervalReadData>
  </MeterData>
  <MeterData UtilServicePointID="218870000000" UtilDeviceID="GM18000891" MacID="00:07:81:43:07:CA:5B:CF" MeterName="GM18000891" xmlns="urn:com:ssn:schema:export:v2.5:SSNExportFormat.xsd">
    <RegisterData NumberReads="1" EndTime="2025-02-28T00:00:00.000 -06:00" StartTime="2025-02-28T00:00:00.000 -06:00">
      <RegisterRead RegisterReadSource="REG_SRC_TYPE_EOB_SELF_READ" GatewayCollectedTime="2025-02-27T00:00:00.000 -06:00" ReadTime="2025-02-28T00:00:00.000 -06:00">
        <Tier Number="0">
          <Register SummationUOM="CCF" Summation="1192.3600" SummationRawValue="119236" Number="1010" />
        </Tier>
      </RegisterRead>
    </RegisterData>
    <IntervalReadData LpSetId="1" NumberIntervals="24" EndTime="2025-02-28T00:00:00.000 -06:00" StartTime="2025-02-27T00:00:00.000 -06:00" IntervalLength="60">
      <Interval GatewayCollectedTime="2025-02-27T00:00:00.000 -06:00" IntervalSequenceNumber="1740632400" BlockSequenceNumber="1738951200" EndTime="2025-02-27T01:00:00.000 -06:00">
        <Reading UOM="CCF" BlockEndValue="0" Value="0.1400" RawValue="14.0000" Channel="1" />
      </Interval>
      <Interval GatewayCollectedTime="2025-02-27T01:00:00.000 -06:00" IntervalSequenceNumber="1740632400" BlockSequenceNumber="1738951200" EndTime="2025-02-27T02:00:00.000 -06:00">
        <Reading UOM="CCF" BlockEndValue="0" Value="0.1400" RawValue="14.0000" Channel="1" />
      </Interval>
      <Interval GatewayCollectedTime="2025-02-27T02:00:00.000 -06:00" IntervalSequenceNumber="1740632400" BlockSequenceNumber="1738951200" EndTime="2025-02-27T03:00:00.000 -06:00">
        <Reading UOM="CCF" BlockEndValue="0" Value="0.1400" RawValue="14.0000" Channel="1" />
      </Interval>
      <Interval GatewayCollectedTime="2025-02-27T03:00:00.000 -06:00" IntervalSequenceNumber="1740632400" BlockSequenceNumber="1738951200" EndTime="2025-02-27T04:00:00.000 -06:00">
        <Reading UOM="CCF" BlockEndValue="0" Value="0.1400" RawValue="14.0000" Channel="1" />
      </Interval>
      <Interval GatewayCollectedTime="2025-02-27T04:00:00.000 -06:00" IntervalSequenceNumber="1740632400" BlockSequenceNumber="1738951200" EndTime="2025-02-27T05:00:00.000 -06:00">
        <Reading UOM="CCF" BlockEndValue="0" Value="0.1400" RawValue="14.0000" Channel="1" />
      </Interval>
      <Interval GatewayCollectedTime="2025-02-27T05:00:00.000 -06:00" IntervalSequenceNumber="1740632400" BlockSequenceNumber="1738951200" EndTime="2025-02-27T06:00:00.000 -06:00">
        <Reading UOM="CCF" BlockEndValue="0" Value="0.1400" RawValue="14.0000" Channel="1" />
      </Interval>
      <Interval GatewayCollectedTime="2025-02-27T06:00:00.000 -06:00" IntervalSequenceNumber="1740632400" BlockSequenceNumber="1738951200" EndTime="2025-02-27T07:00:00.000 -06:00">
        <Reading UOM="CCF" BlockEndValue="0" Value="0.1400" RawValue="14.0000" Channel="1" />
      </Interval>
      <Interval GatewayCollectedTime="2025-02-27T07:00:00.000 -06:00" IntervalSequenceNumber="1740632400" BlockSequenceNumber="1738951200" EndTime="2025-02-27T08:00:00.000 -06:00">
        <Reading UOM="CCF" BlockEndValue="0" Value="0.1400" RawValue="14.0000" Channel="1" />
      </Interval>
      <Interval GatewayCollectedTime="2025-02-27T08:00:00.000 -06:00" IntervalSequenceNumber="1740632400" BlockSequenceNumber="1738951200" EndTime="2025-02-27T09:00:00.000 -06:00">
        <Reading UOM="CCF" BlockEndValue="0" Value="0.1400" RawValue="14.0000" Channel="1" />
      </Interval>
      <Interval GatewayCollectedTime="2025-02-27T09:00:00.000 -06:00" IntervalSequenceNumber="1740632400" BlockSequenceNumber="1738951200" EndTime="2025-02-27T10:00:00.000 -06:00">
        <Reading UOM="CCF" BlockEndValue="0" Value="0.1400" RawValue="14.0000" Channel="1" />
      </Interval>
      <Interval GatewayCollectedTime="2025-02-27T10:00:00.000 -06:00" IntervalSequenceNumber="1740632400" BlockSequenceNumber="1738951200" EndTime="2025-02-27T11:00:00.000 -06:00">
        <Reading UOM="CCF" BlockEndValue="0" Value="0.1400" RawValue="14.0000" Channel="1" />
      </Interval>
      <Interval GatewayCollectedTime="2025-02-27T11:00:00.000 -06:00" IntervalSequenceNumber="1740632400" BlockSequenceNumber="1738951200" EndTime="2025-02-27T12:00:00.000 -06:00">
        <Reading UOM="CCF" BlockEndValue="0" Value="0.1400" RawValue="14.0000" Channel="1" />
      </Interval>
      <Interval GatewayCollectedTime="2025-02-27T12:00:00.000 -06:00" IntervalSequenceNumber="1740632400" BlockSequenceNumber="1738951200" EndTime="2025-02-27T13:00:00.000 -06:00">
        <Reading UOM="CCF" BlockEndValue="0" Value="0.1400" RawValue="14.0000" Channel="1" />
      </Interval>
      <Interval GatewayCollectedTime="2025-02-27T13:00:00.000 -06:00" IntervalSequenceNumber="1740632400" BlockSequenceNumber="1738951200" EndTime="2025-02-27T14:00:00.000 -06:00">
        <Reading UOM="CCF" BlockEndValue="0" Value="0.1400" RawValue="14.0000" Channel="1" />
      </Interval>
      <Interval GatewayCollectedTime="2025-02-27T14:00:00.000 -06:00" IntervalSequenceNumber="1740632400" BlockSequenceNumber="1738951200" EndTime="2025-02-27T15:00:00.000 -06:00">
        <Reading UOM="CCF" BlockEndValue="0" Value="0.1400" RawValue="14.0000" Channel="1" />
      </Interval>
      <Interval GatewayCollectedTime="2025-02-27T15:00:00.000 -06:00" IntervalSequenceNumber="1740632400" BlockSequenceNumber="1738951200" EndTime="2025-02-27T16:00:00.000 -06:00">
        <Reading UOM="CCF" BlockEndValue="0" Value="0.1400" RawValue="14.0000" Channel="1" />
      </Interval>
      <Interval GatewayCollectedTime="2025-02-27T16:00:00.000 -06:00" IntervalSequenceNumber="1740632400" BlockSequenceNumber="1738951200" EndTime="2025-02-27T17:00:00.000 -06:00">
        <Reading UOM="CCF" BlockEndValue="0" Value="0.1400" RawValue="14.0000" Channel="1" />
      </Interval>
      <Interval GatewayCollectedTime="2025-02-27T17:00:00.000 -06:00" IntervalSequenceNumber="1740632400" BlockSequenceNumber="1738951200" EndTime="2025-02-27T18:00:00.000 -06:00">
        <Reading UOM="CCF" BlockEndValue="0" Value="0.1400" RawValue="14.0000" Channel="1" />
      </Interval>
      <Interval GatewayCollectedTime="2025-02-27T18:00:00.000 -06:00" IntervalSequenceNumber="1740632400" BlockSequenceNumber="1738951200" EndTime="2025-02-27T19:00:00.000 -06:00">
        <Reading UOM="CCF" BlockEndValue="0" Value="0.1400" RawValue="14.0000" Channel="1" />
      </Interval>
      <Interval GatewayCollectedTime="2025-02-27T19:00:00.000 -06:00" IntervalSequenceNumber="1740632400" BlockSequenceNumber="1738951200" EndTime="2025-02-27T20:00:00.000 -06:00">
        <Reading UOM="CCF" BlockEndValue="0" Value="0.1400" RawValue="14.0000" Channel="1" />
      </Interval>
      <Interval GatewayCollectedTime="2025-02-27T20:00:00.000 -06:00" IntervalSequenceNumber="1740632400" BlockSequenceNumber="1738951200" EndTime="2025-02-27T21:00:00.000 -06:00">
        <Reading UOM="CCF" BlockEndValue="0" Value="0.1400" RawValue="14.0000" Channel="1" />
      </Interval>
      <Interval GatewayCollectedTime="2025-02-27T21:00:00.000 -06:00" IntervalSequenceNumber="1740632400" BlockSequenceNumber="1738951200" EndTime="2025-02-27T22:00:00.000 -06:00">
        <Reading UOM="CCF" BlockEndValue="0" Value="0.1400" RawValue="14.0000" Channel="1" />
      </Interval>
      <Interval GatewayCollectedTime="2025-02-27T22:00:00.000 -06:00" IntervalSequenceNumber="1740632400" BlockSequenceNumber="1738951200" EndTime="2025-02-27T23:00:00.000 -06:00">
        <Reading UOM="CCF" BlockEndValue="0" Value="0.1400" RawValue="14.0000" Channel="1" />
      </Interval>
      <Interval GatewayCollectedTime="2025-02-27T23:00:00.000 -06:00" IntervalSequenceNumber="1740632400" BlockSequenceNumber="1738951200" EndTime="2025-02-28T00:00:00.000 -06:00">
        <Reading UOM="CCF" BlockEndValue="1192.3600" Value="0.1400" RawValue="14.0000" Channel="1" />
      </Interval>
    </IntervalReadData>
  </MeterData>
  <MeterData UtilServicePointID="259760000000" UtilDeviceID="GM18001208" MacID="00:07:81:43:07:CB:AE:40" MeterName="GM18001208" xmlns="urn:com:ssn:schema:export:v2.5:SSNExportFormat.xsd">
    <RegisterData NumberReads="1" EndTime="2025-02-28T00:00:00.000 -06:00" StartTime="2025-02-28T00:00:00.000 -06:00">
      <RegisterRead RegisterReadSource="REG_SRC_TYPE_EOB_SELF_READ" GatewayCollectedTime="2025-02-27T00:00:00.000 -06:00" ReadTime="2025-02-28T00:00:00.000 -06:00">
        <Tier Number="0">
          <Register SummationUOM="CCF" Summation="1081.3600" SummationRawValue="108136" Number="1010" />
        </Tier>
      </RegisterRead>
    </RegisterData>
    <IntervalReadData LpSetId="1" NumberIntervals="24" EndTime="2025-02-28T00:00:00.000 -06:00" StartTime="2025-02-27T00:00:00.000 -06:00" IntervalLength="60">
      <Interval GatewayCollectedTime="2025-02-27T00:00:00.000 -06:00" IntervalSequenceNumber="1740632400" BlockSequenceNumber="1738951200" EndTime="2025-02-27T01:00:00.000 -06:00">
        <Reading UOM="CCF" BlockEndValue="0" Value="0.1400" RawValue="14.0000" Channel="1" />
      </Interval>
      <Interval GatewayCollectedTime="2025-02-27T01:00:00.000 -06:00" IntervalSequenceNumber="1740632400" BlockSequenceNumber="1738951200" EndTime="2025-02-27T02:00:00.000 -06:00">
        <Reading UOM="CCF" BlockEndValue="0" Value="0.1400" RawValue="14.0000" Channel="1" />
      </Interval>
      <Interval GatewayCollectedTime="2025-02-27T02:00:00.000 -06:00" IntervalSequenceNumber="1740632400" BlockSequenceNumber="1738951200" EndTime="2025-02-27T03:00:00.000 -06:00">
        <Reading UOM="CCF" BlockEndValue="0" Value="0.1400" RawValue="14.0000" Channel="1" />
      </Interval>
      <Interval GatewayCollectedTime="2025-02-27T03:00:00.000 -06:00" IntervalSequenceNumber="1740632400" BlockSequenceNumber="1738951200" EndTime="2025-02-27T04:00:00.000 -06:00">
        <Reading UOM="CCF" BlockEndValue="0" Value="0.1400" RawValue="14.0000" Channel="1" />
      </Interval>
      <Interval GatewayCollectedTime="2025-02-27T04:00:00.000 -06:00" IntervalSequenceNumber="1740632400" BlockSequenceNumber="1738951200" EndTime="2025-02-27T05:00:00.000 -06:00">
        <Reading UOM="CCF" BlockEndValue="0" Value="0.1400" RawValue="14.0000" Channel="1" />
      </Interval>
      <Interval GatewayCollectedTime="2025-02-27T05:00:00.000 -06:00" IntervalSequenceNumber="1740632400" BlockSequenceNumber="1738951200" EndTime="2025-02-27T06:00:00.000 -06:00">
        <Reading UOM="CCF" BlockEndValue="0" Value="0.1400" RawValue="14.0000" Channel="1" />
      </Interval>
      <Interval GatewayCollectedTime="2025-02-27T06:00:00.000 -06:00" IntervalSequenceNumber="1740632400" BlockSequenceNumber="1738951200" EndTime="2025-02-27T07:00:00.000 -06:00">
        <Reading UOM="CCF" BlockEndValue="0" Value="0.1400" RawValue="14.0000" Channel="1" />
      </Interval>
      <Interval GatewayCollectedTime="2025-02-27T07:00:00.000 -06:00" IntervalSequenceNumber="1740632400" BlockSequenceNumber="1738951200" EndTime="2025-02-27T08:00:00.000 -06:00">
        <Reading UOM="CCF" BlockEndValue="0" Value="0.1400" RawValue="14.0000" Channel="1" />
      </Interval>
      <Interval GatewayCollectedTime="2025-02-27T08:00:00.000 -06:00" IntervalSequenceNumber="1740632400" BlockSequenceNumber="1738951200" EndTime="2025-02-27T09:00:00.000 -06:00">
        <Reading UOM="CCF" BlockEndValue="0" Value="0.1400" RawValue="14.0000" Channel="1" />
      </Interval>
      <Interval GatewayCollectedTime="2025-02-27T09:00:00.000 -06:00" IntervalSequenceNumber="1740632400" BlockSequenceNumber="1738951200" EndTime="2025-02-27T10:00:00.000 -06:00">
        <Reading UOM="CCF" BlockEndValue="0" Value="0.1400" RawValue="14.0000" Channel="1" />
      </Interval>
      <Interval GatewayCollectedTime="2025-02-27T10:00:00.000 -06:00" IntervalSequenceNumber="1740632400" BlockSequenceNumber="1738951200" EndTime="2025-02-27T11:00:00.000 -06:00">
        <Reading UOM="CCF" BlockEndValue="0" Value="0.1400" RawValue="14.0000" Channel="1" />
      </Interval>
      <Interval GatewayCollectedTime="2025-02-27T11:00:00.000 -06:00" IntervalSequenceNumber="1740632400" BlockSequenceNumber="1738951200" EndTime="2025-02-27T12:00:00.000 -06:00">
        <Reading UOM="CCF" BlockEndValue="0" Value="0.1400" RawValue="14.0000" Channel="1" />
      </Interval>
      <Interval GatewayCollectedTime="2025-02-27T12:00:00.000 -06:00" IntervalSequenceNumber="1740632400" BlockSequenceNumber="1738951200" EndTime="2025-02-27T13:00:00.000 -06:00">
        <Reading UOM="CCF" BlockEndValue="0" Value="0.1400" RawValue="14.0000" Channel="1" />
      </Interval>
      <Interval GatewayCollectedTime="2025-02-27T13:00:00.000 -06:00" IntervalSequenceNumber="1740632400" BlockSequenceNumber="1738951200" EndTime="2025-02-27T14:00:00.000 -06:00">
        <Reading UOM="CCF" BlockEndValue="0" Value="0.1400" RawValue="14.0000" Channel="1" />
      </Interval>
      <Interval GatewayCollectedTime="2025-02-27T14:00:00.000 -06:00" IntervalSequenceNumber="1740632400" BlockSequenceNumber="1738951200" EndTime="2025-02-27T15:00:00.000 -06:00">
        <Reading UOM="CCF" BlockEndValue="0" Value="0.1400" RawValue="14.0000" Channel="1" />
      </Interval>
      <Interval GatewayCollectedTime="2025-02-27T15:00:00.000 -06:00" IntervalSequenceNumber="1740632400" BlockSequenceNumber="1738951200" EndTime="2025-02-27T16:00:00.000 -06:00">
        <Reading UOM="CCF" BlockEndValue="0" Value="0.1400" RawValue="14.0000" Channel="1" />
      </Interval>
      <Interval GatewayCollectedTime="2025-02-27T16:00:00.000 -06:00" IntervalSequenceNumber="1740632400" BlockSequenceNumber="1738951200" EndTime="2025-02-27T17:00:00.000 -06:00">
        <Reading UOM="CCF" BlockEndValue="0" Value="0.1400" RawValue="14.0000" Channel="1" />
      </Interval>
      <Interval GatewayCollectedTime="2025-02-27T17:00:00.000 -06:00" IntervalSequenceNumber="1740632400" BlockSequenceNumber="1738951200" EndTime="2025-02-27T18:00:00.000 -06:00">
        <Reading UOM="CCF" BlockEndValue="0" Value="0.1400" RawValue="14.0000" Channel="1" />
      </Interval>
      <Interval GatewayCollectedTime="2025-02-27T18:00:00.000 -06:00" IntervalSequenceNumber="1740632400" BlockSequenceNumber="1738951200" EndTime="2025-02-27T19:00:00.000 -06:00">
        <Reading UOM="CCF" BlockEndValue="0" Value="0.1400" RawValue="14.0000" Channel="1" />
      </Interval>
      <Interval GatewayCollectedTime="2025-02-27T19:00:00.000 -06:00" IntervalSequenceNumber="1740632400" BlockSequenceNumber="1738951200" EndTime="2025-02-27T20:00:00.000 -06:00">
        <Reading UOM="CCF" BlockEndValue="0" Value="0.1400" RawValue="14.0000" Channel="1" />
      </Interval>
      <Interval GatewayCollectedTime="2025-02-27T20:00:00.000 -06:00" IntervalSequenceNumber="1740632400" BlockSequenceNumber="1738951200" EndTime="2025-02-27T21:00:00.000 -06:00">
        <Reading UOM="CCF" BlockEndValue="0" Value="0.1400" RawValue="14.0000" Channel="1" />
      </Interval>
      <Interval GatewayCollectedTime="2025-02-27T21:00:00.000 -06:00" IntervalSequenceNumber="1740632400" BlockSequenceNumber="1738951200" EndTime="2025-02-27T22:00:00.000 -06:00">
        <Reading UOM="CCF" BlockEndValue="0" Value="0.1400" RawValue="14.0000" Channel="1" />
      </Interval>
      <Interval GatewayCollectedTime="2025-02-27T22:00:00.000 -06:00" IntervalSequenceNumber="1740632400" BlockSequenceNumber="1738951200" EndTime="2025-02-27T23:00:00.000 -06:00">
        <Reading UOM="CCF" BlockEndValue="0" Value="0.1400" RawValue="14.0000" Channel="1" />
      </Interval>
      <Interval GatewayCollectedTime="2025-02-27T23:00:00.000 -06:00" IntervalSequenceNumber="1740632400" BlockSequenceNumber="1738951200" EndTime="2025-02-28T00:00:00.000 -06:00">
        <Reading UOM="CCF" BlockEndValue="1081.3600" Value="0.1400" RawValue="14.0000" Channel="1" />
      </Interval>
    </IntervalReadData>
  </MeterData>
  <MeterData UtilServicePointID="377061000000" UtilDeviceID="GM18001253" MacID="00:07:81:43:07:CB:AE:4D" MeterName="GM18001253" xmlns="urn:com:ssn:schema:export:v2.5:SSNExportFormat.xsd">
    <RegisterData NumberReads="1" EndTime="2025-02-28T00:00:00.000 -06:00" StartTime="2025-02-28T00:00:00.000 -06:00">
      <RegisterRead RegisterReadSource="REG_SRC_TYPE_EOB_SELF_READ" GatewayCollectedTime="2025-02-27T00:00:00.000 -06:00" ReadTime="2025-02-28T00:00:00.000 -06:00">
        <Tier Number="0">
          <Register SummationUOM="CCF" Summation="1694.3600" SummationRawValue="169436" Number="1010" />
        </Tier>
      </RegisterRead>
    </RegisterData>
    <IntervalReadData LpSetId="1" NumberIntervals="24" EndTime="2025-02-28T00:00:00.000 -06:00" StartTime="2025-02-27T00:00:00.000 -06:00" IntervalLength="60">
      <Interval GatewayCollectedTime="2025-02-27T00:00:00.000 -06:00" IntervalSequenceNumber="1740632400" BlockSequenceNumber="1738951200" EndTime="2025-02-27T01:00:00.000 -06:00">
        <Reading UOM="CCF" BlockEndValue="0" Value="0.1400" RawValue="14.0000" Channel="1" />
      </Interval>
      <Interval GatewayCollectedTime="2025-02-27T01:00:00.000 -06:00" IntervalSequenceNumber="1740632400" BlockSequenceNumber="1738951200" EndTime="2025-02-27T02:00:00.000 -06:00">
        <Reading UOM="CCF" BlockEndValue="0" Value="0.1400" RawValue="14.0000" Channel="1" />
      </Interval>
      <Interval GatewayCollectedTime="2025-02-27T02:00:00.000 -06:00" IntervalSequenceNumber="1740632400" BlockSequenceNumber="1738951200" EndTime="2025-02-27T03:00:00.000 -06:00">
        <Reading UOM="CCF" BlockEndValue="0" Value="0.1400" RawValue="14.0000" Channel="1" />
      </Interval>
      <Interval GatewayCollectedTime="2025-02-27T03:00:00.000 -06:00" IntervalSequenceNumber="1740632400" BlockSequenceNumber="1738951200" EndTime="2025-02-27T04:00:00.000 -06:00">
        <Reading UOM="CCF" BlockEndValue="0" Value="0.1400" RawValue="14.0000" Channel="1" />
      </Interval>
      <Interval GatewayCollectedTime="2025-02-27T04:00:00.000 -06:00" IntervalSequenceNumber="1740632400" BlockSequenceNumber="1738951200" EndTime="2025-02-27T05:00:00.000 -06:00">
        <Reading UOM="CCF" BlockEndValue="0" Value="0.1400" RawValue="14.0000" Channel="1" />
      </Interval>
      <Interval GatewayCollectedTime="2025-02-27T05:00:00.000 -06:00" IntervalSequenceNumber="1740632400" BlockSequenceNumber="1738951200" EndTime="2025-02-27T06:00:00.000 -06:00">
        <Reading UOM="CCF" BlockEndValue="0" Value="0.1400" RawValue="14.0000" Channel="1" />
      </Interval>
      <Interval GatewayCollectedTime="2025-02-27T06:00:00.000 -06:00" IntervalSequenceNumber="1740632400" BlockSequenceNumber="1738951200" EndTime="2025-02-27T07:00:00.000 -06:00">
        <Reading UOM="CCF" BlockEndValue="0" Value="0.1400" RawValue="14.0000" Channel="1" />
      </Interval>
      <Interval GatewayCollectedTime="2025-02-27T07:00:00.000 -06:00" IntervalSequenceNumber="1740632400" BlockSequenceNumber="1738951200" EndTime="2025-02-27T08:00:00.000 -06:00">
        <Reading UOM="CCF" BlockEndValue="0" Value="0.1400" RawValue="14.0000" Channel="1" />
      </Interval>
      <Interval GatewayCollectedTime="2025-02-27T08:00:00.000 -06:00" IntervalSequenceNumber="1740632400" BlockSequenceNumber="1738951200" EndTime="2025-02-27T09:00:00.000 -06:00">
        <Reading UOM="CCF" BlockEndValue="0" Value="0.1400" RawValue="14.0000" Channel="1" />
      </Interval>
      <Interval GatewayCollectedTime="2025-02-27T09:00:00.000 -06:00" IntervalSequenceNumber="1740632400" BlockSequenceNumber="1738951200" EndTime="2025-02-27T10:00:00.000 -06:00">
        <Reading UOM="CCF" BlockEndValue="0" Value="0.1400" RawValue="14.0000" Channel="1" />
      </Interval>
      <Interval GatewayCollectedTime="2025-02-27T10:00:00.000 -06:00" IntervalSequenceNumber="1740632400" BlockSequenceNumber="1738951200" EndTime="2025-02-27T11:00:00.000 -06:00">
        <Reading UOM="CCF" BlockEndValue="0" Value="0.1400" RawValue="14.0000" Channel="1" />
      </Interval>
      <Interval GatewayCollectedTime="2025-02-27T11:00:00.000 -06:00" IntervalSequenceNumber="1740632400" BlockSequenceNumber="1738951200" EndTime="2025-02-27T12:00:00.000 -06:00">
        <Reading UOM="CCF" BlockEndValue="0" Value="0.1400" RawValue="14.0000" Channel="1" />
      </Interval>
      <Interval GatewayCollectedTime="2025-02-27T12:00:00.000 -06:00" IntervalSequenceNumber="1740632400" BlockSequenceNumber="1738951200" EndTime="2025-02-27T13:00:00.000 -06:00">
        <Reading UOM="CCF" BlockEndValue="0" Value="0.1400" RawValue="14.0000" Channel="1" />
      </Interval>
      <Interval GatewayCollectedTime="2025-02-27T13:00:00.000 -06:00" IntervalSequenceNumber="1740632400" BlockSequenceNumber="1738951200" EndTime="2025-02-27T14:00:00.000 -06:00">
        <Reading UOM="CCF" BlockEndValue="0" Value="0.1400" RawValue="14.0000" Channel="1" />
      </Interval>
      <Interval GatewayCollectedTime="2025-02-27T14:00:00.000 -06:00" IntervalSequenceNumber="1740632400" BlockSequenceNumber="1738951200" EndTime="2025-02-27T15:00:00.000 -06:00">
        <Reading UOM="CCF" BlockEndValue="0" Value="0.1400" RawValue="14.0000" Channel="1" />
      </Interval>
      <Interval GatewayCollectedTime="2025-02-27T15:00:00.000 -06:00" IntervalSequenceNumber="1740632400" BlockSequenceNumber="1738951200" EndTime="2025-02-27T16:00:00.000 -06:00">
        <Reading UOM="CCF" BlockEndValue="0" Value="0.1400" RawValue="14.0000" Channel="1" />
      </Interval>
      <Interval GatewayCollectedTime="2025-02-27T16:00:00.000 -06:00" IntervalSequenceNumber="1740632400" BlockSequenceNumber="1738951200" EndTime="2025-02-27T17:00:00.000 -06:00">
        <Reading UOM="CCF" BlockEndValue="0" Value="0.1400" RawValue="14.0000" Channel="1" />
      </Interval>
      <Interval GatewayCollectedTime="2025-02-27T17:00:00.000 -06:00" IntervalSequenceNumber="1740632400" BlockSequenceNumber="1738951200" EndTime="2025-02-27T18:00:00.000 -06:00">
        <Reading UOM="CCF" BlockEndValue="0" Value="0.1400" RawValue="14.0000" Channel="1" />
      </Interval>
      <Interval GatewayCollectedTime="2025-02-27T18:00:00.000 -06:00" IntervalSequenceNumber="1740632400" BlockSequenceNumber="1738951200" EndTime="2025-02-27T19:00:00.000 -06:00">
        <Reading UOM="CCF" BlockEndValue="0" Value="0.1400" RawValue="14.0000" Channel="1" />
      </Interval>
      <Interval GatewayCollectedTime="2025-02-27T19:00:00.000 -06:00" IntervalSequenceNumber="1740632400" BlockSequenceNumber="1738951200" EndTime="2025-02-27T20:00:00.000 -06:00">
        <Reading UOM="CCF" BlockEndValue="0" Value="0.1400" RawValue="14.0000" Channel="1" />
      </Interval>
      <Interval GatewayCollectedTime="2025-02-27T20:00:00.000 -06:00" IntervalSequenceNumber="1740632400" BlockSequenceNumber="1738951200" EndTime="2025-02-27T21:00:00.000 -06:00">
        <Reading UOM="CCF" BlockEndValue="0" Value="0.1400" RawValue="14.0000" Channel="1" />
      </Interval>
      <Interval GatewayCollectedTime="2025-02-27T21:00:00.000 -06:00" IntervalSequenceNumber="1740632400" BlockSequenceNumber="1738951200" EndTime="2025-02-27T22:00:00.000 -06:00">
        <Reading UOM="CCF" BlockEndValue="0" Value="0.1400" RawValue="14.0000" Channel="1" />
      </Interval>
      <Interval GatewayCollectedTime="2025-02-27T22:00:00.000 -06:00" IntervalSequenceNumber="1740632400" BlockSequenceNumber="1738951200" EndTime="2025-02-27T23:00:00.000 -06:00">
        <Reading UOM="CCF" BlockEndValue="0" Value="0.1400" RawValue="14.0000" Channel="1" />
      </Interval>
      <Interval GatewayCollectedTime="2025-02-27T23:00:00.000 -06:00" IntervalSequenceNumber="1740632400" BlockSequenceNumber="1738951200" EndTime="2025-02-28T00:00:00.000 -06:00">
        <Reading UOM="CCF" BlockEndValue="1694.3600" Value="0.1400" RawValue="14.0000" Channel="1" />
      </Interval>
    </IntervalReadData>
  </MeterData>
  <MeterData UtilServicePointID="310341000000" UtilDeviceID="GM18001280" MacID="00:07:81:43:07:CB:AB:85" MeterName="GM18001280" xmlns="urn:com:ssn:schema:export:v2.5:SSNExportFormat.xsd">
    <RegisterData NumberReads="1" EndTime="2025-02-28T00:00:00.000 -06:00" StartTime="2025-02-28T00:00:00.000 -06:00">
      <RegisterRead RegisterReadSource="REG_SRC_TYPE_EOB_SELF_READ" GatewayCollectedTime="2025-02-27T00:00:00.000 -06:00" ReadTime="2025-02-28T00:00:00.000 -06:00">
        <Tier Number="0">
          <Register SummationUOM="CCF" Summation="1711.3600" SummationRawValue="171136" Number="1010" />
        </Tier>
      </RegisterRead>
    </RegisterData>
    <IntervalReadData LpSetId="1" NumberIntervals="24" EndTime="2025-02-28T00:00:00.000 -06:00" StartTime="2025-02-27T00:00:00.000 -06:00" IntervalLength="60">
      <Interval GatewayCollectedTime="2025-02-27T00:00:00.000 -06:00" IntervalSequenceNumber="1740632400" BlockSequenceNumber="1738951200" EndTime="2025-02-27T01:00:00.000 -06:00">
        <Reading UOM="CCF" BlockEndValue="0" Value="0.1400" RawValue="14.0000" Channel="1" />
      </Interval>
      <Interval GatewayCollectedTime="2025-02-27T01:00:00.000 -06:00" IntervalSequenceNumber="1740632400" BlockSequenceNumber="1738951200" EndTime="2025-02-27T02:00:00.000 -06:00">
        <Reading UOM="CCF" BlockEndValue="0" Value="0.1400" RawValue="14.0000" Channel="1" />
      </Interval>
      <Interval GatewayCollectedTime="2025-02-27T02:00:00.000 -06:00" IntervalSequenceNumber="1740632400" BlockSequenceNumber="1738951200" EndTime="2025-02-27T03:00:00.000 -06:00">
        <Reading UOM="CCF" BlockEndValue="0" Value="0.1400" RawValue="14.0000" Channel="1" />
      </Interval>
      <Interval GatewayCollectedTime="2025-02-27T03:00:00.000 -06:00" IntervalSequenceNumber="1740632400" BlockSequenceNumber="1738951200" EndTime="2025-02-27T04:00:00.000 -06:00">
        <Reading UOM="CCF" BlockEndValue="0" Value="0.1400" RawValue="14.0000" Channel="1" />
      </Interval>
      <Interval GatewayCollectedTime="2025-02-27T04:00:00.000 -06:00" IntervalSequenceNumber="1740632400" BlockSequenceNumber="1738951200" EndTime="2025-02-27T05:00:00.000 -06:00">
        <Reading UOM="CCF" BlockEndValue="0" Value="0.1400" RawValue="14.0000" Channel="1" />
      </Interval>
      <Interval GatewayCollectedTime="2025-02-27T05:00:00.000 -06:00" IntervalSequenceNumber="1740632400" BlockSequenceNumber="1738951200" EndTime="2025-02-27T06:00:00.000 -06:00">
        <Reading UOM="CCF" BlockEndValue="0" Value="0.1400" RawValue="14.0000" Channel="1" />
      </Interval>
      <Interval GatewayCollectedTime="2025-02-27T06:00:00.000 -06:00" IntervalSequenceNumber="1740632400" BlockSequenceNumber="1738951200" EndTime="2025-02-27T07:00:00.000 -06:00">
        <Reading UOM="CCF" BlockEndValue="0" Value="0.1400" RawValue="14.0000" Channel="1" />
      </Interval>
      <Interval GatewayCollectedTime="2025-02-27T07:00:00.000 -06:00" IntervalSequenceNumber="1740632400" BlockSequenceNumber="1738951200" EndTime="2025-02-27T08:00:00.000 -06:00">
        <Reading UOM="CCF" BlockEndValue="0" Value="0.1400" RawValue="14.0000" Channel="1" />
      </Interval>
      <Interval GatewayCollectedTime="2025-02-27T08:00:00.000 -06:00" IntervalSequenceNumber="1740632400" BlockSequenceNumber="1738951200" EndTime="2025-02-27T09:00:00.000 -06:00">
        <Reading UOM="CCF" BlockEndValue="0" Value="0.1400" RawValue="14.0000" Channel="1" />
      </Interval>
      <Interval GatewayCollectedTime="2025-02-27T09:00:00.000 -06:00" IntervalSequenceNumber="1740632400" BlockSequenceNumber="1738951200" EndTime="2025-02-27T10:00:00.000 -06:00">
        <Reading UOM="CCF" BlockEndValue="0" Value="0.1400" RawValue="14.0000" Channel="1" />
      </Interval>
      <Interval GatewayCollectedTime="2025-02-27T10:00:00.000 -06:00" IntervalSequenceNumber="1740632400" BlockSequenceNumber="1738951200" EndTime="2025-02-27T11:00:00.000 -06:00">
        <Reading UOM="CCF" BlockEndValue="0" Value="0.1400" RawValue="14.0000" Channel="1" />
      </Interval>
      <Interval GatewayCollectedTime="2025-02-27T11:00:00.000 -06:00" IntervalSequenceNumber="1740632400" BlockSequenceNumber="1738951200" EndTime="2025-02-27T12:00:00.000 -06:00">
        <Reading UOM="CCF" BlockEndValue="0" Value="0.1400" RawValue="14.0000" Channel="1" />
      </Interval>
      <Interval GatewayCollectedTime="2025-02-27T12:00:00.000 -06:00" IntervalSequenceNumber="1740632400" BlockSequenceNumber="1738951200" EndTime="2025-02-27T13:00:00.000 -06:00">
        <Reading UOM="CCF" BlockEndValue="0" Value="0.1400" RawValue="14.0000" Channel="1" />
      </Interval>
      <Interval GatewayCollectedTime="2025-02-27T13:00:00.000 -06:00" IntervalSequenceNumber="1740632400" BlockSequenceNumber="1738951200" EndTime="2025-02-27T14:00:00.000 -06:00">
        <Reading UOM="CCF" BlockEndValue="0" Value="0.1400" RawValue="14.0000" Channel="1" />
      </Interval>
      <Interval GatewayCollectedTime="2025-02-27T14:00:00.000 -06:00" IntervalSequenceNumber="1740632400" BlockSequenceNumber="1738951200" EndTime="2025-02-27T15:00:00.000 -06:00">
        <Reading UOM="CCF" BlockEndValue="0" Value="0.1400" RawValue="14.0000" Channel="1" />
      </Interval>
      <Interval GatewayCollectedTime="2025-02-27T15:00:00.000 -06:00" IntervalSequenceNumber="1740632400" BlockSequenceNumber="1738951200" EndTime="2025-02-27T16:00:00.000 -06:00">
        <Reading UOM="CCF" BlockEndValue="0" Value="0.1400" RawValue="14.0000" Channel="1" />
      </Interval>
      <Interval GatewayCollectedTime="2025-02-27T16:00:00.000 -06:00" IntervalSequenceNumber="1740632400" BlockSequenceNumber="1738951200" EndTime="2025-02-27T17:00:00.000 -06:00">
        <Reading UOM="CCF" BlockEndValue="0" Value="0.1400" RawValue="14.0000" Channel="1" />
      </Interval>
      <Interval GatewayCollectedTime="2025-02-27T17:00:00.000 -06:00" IntervalSequenceNumber="1740632400" BlockSequenceNumber="1738951200" EndTime="2025-02-27T18:00:00.000 -06:00">
        <Reading UOM="CCF" BlockEndValue="0" Value="0.1400" RawValue="14.0000" Channel="1" />
      </Interval>
      <Interval GatewayCollectedTime="2025-02-27T18:00:00.000 -06:00" IntervalSequenceNumber="1740632400" BlockSequenceNumber="1738951200" EndTime="2025-02-27T19:00:00.000 -06:00">
        <Reading UOM="CCF" BlockEndValue="0" Value="0.1400" RawValue="14.0000" Channel="1" />
      </Interval>
      <Interval GatewayCollectedTime="2025-02-27T19:00:00.000 -06:00" IntervalSequenceNumber="1740632400" BlockSequenceNumber="1738951200" EndTime="2025-02-27T20:00:00.000 -06:00">
        <Reading UOM="CCF" BlockEndValue="0" Value="0.1400" RawValue="14.0000" Channel="1" />
      </Interval>
      <Interval GatewayCollectedTime="2025-02-27T20:00:00.000 -06:00" IntervalSequenceNumber="1740632400" BlockSequenceNumber="1738951200" EndTime="2025-02-27T21:00:00.000 -06:00">
        <Reading UOM="CCF" BlockEndValue="0" Value="0.1400" RawValue="14.0000" Channel="1" />
      </Interval>
      <Interval GatewayCollectedTime="2025-02-27T21:00:00.000 -06:00" IntervalSequenceNumber="1740632400" BlockSequenceNumber="1738951200" EndTime="2025-02-27T22:00:00.000 -06:00">
        <Reading UOM="CCF" BlockEndValue="0" Value="0.1400" RawValue="14.0000" Channel="1" />
      </Interval>
      <Interval GatewayCollectedTime="2025-02-27T22:00:00.000 -06:00" IntervalSequenceNumber="1740632400" BlockSequenceNumber="1738951200" EndTime="2025-02-27T23:00:00.000 -06:00">
        <Reading UOM="CCF" BlockEndValue="0" Value="0.1400" RawValue="14.0000" Channel="1" />
      </Interval>
      <Interval GatewayCollectedTime="2025-02-27T23:00:00.000 -06:00" IntervalSequenceNumber="1740632400" BlockSequenceNumber="1738951200" EndTime="2025-02-28T00:00:00.000 -06:00">
        <Reading UOM="CCF" BlockEndValue="1711.3600" Value="0.1400" RawValue="14.0000" Channel="1" />
      </Interval>
    </IntervalReadData>
  </MeterData>
</SSNExportDocument>