﻿<?xml version="1.0" encoding="utf-8"?>
<SSNExportDocument Version="2.5" DocumentID="dec2b3df-5ae9-43d1-af60-8e4288d0f483-1" JobID="782" ExportID="dec2b3df-5ae9-43d1-af60-8e4288d0f483" RunID="782" CreationTime="2024-10-31T00:00:00 -05:00" StartTime="2024-10-31T00:00:00 -05:00" EndTime="2024-11-01T00:00:00 -05:00" xmlns="urn:com:ssn:schema:export:v2.5:SSNExportFormat.xsd">
  <MeterData UtilServicePointID="220030000000" UtilDeviceID="GM18000069" MacID="00:07:81:43:07:CB:AB:8F" MeterName="GM18000069" xmlns="urn:com:ssn:schema:export:v2.5:SSNExportFormat.xsd">
    <RegisterData NumberReads="1" EndTime="2024-11-01T00:00:00 -05:00" StartTime="2024-11-01T00:00:00 -05:00">
      <RegisterRead RegisterReadSource="REG_SRC_TYPE_EOB_SELF_READ" GatewayCollectedTime="2024-10-31T00:00:00 -05:00" ReadTime="2024-11-01T00:00:00 -05:00">
        <Tier Number="0">
          <Register SummationUOM="CCF" Summation="862.1200" SummationRawValue="86212" Number="1010" />
        </Tier>
      </RegisterRead>
    </RegisterData>
    <IntervalReadData LpSetId="1" NumberIntervals="24" EndTime="2024-11-01T00:00:00 -05:00" StartTime="2024-10-31T00:00:00 -05:00" IntervalLength="60">
      <Interval GatewayCollectedTime="2024-10-31T00:00:00 -05:00" IntervalSequenceNumber="1730347200" BlockSequenceNumber="1738951200" EndTime="2024-10-31T01:00:00 -05:00">
        <Reading UOM="CCF" BlockEndValue="0" Value="0.6300" RawValue="63.0000" Channel="1" />
      </Interval>
      <Interval GatewayCollectedTime="2024-10-31T01:00:00 -05:00" IntervalSequenceNumber="1730347200" BlockSequenceNumber="1738951200" EndTime="2024-10-31T02:00:00 -05:00">
        <Reading UOM="CCF" BlockEndValue="0" Value="0.6300" RawValue="63.0000" Channel="1" />
      </Interval>
      <Interval GatewayCollectedTime="2024-10-31T02:00:00 -05:00" IntervalSequenceNumber="1730347200" BlockSequenceNumber="1738951200" EndTime="2024-10-31T03:00:00 -05:00">
        <Reading UOM="CCF" BlockEndValue="0" Value="0.6300" RawValue="63.0000" Channel="1" />
      </Interval>
      <Interval GatewayCollectedTime="2024-10-31T03:00:00 -05:00" IntervalSequenceNumber="1730347200" BlockSequenceNumber="1738951200" EndTime="2024-10-31T04:00:00 -05:00">
        <Reading UOM="CCF" BlockEndValue="0" Value="0.6300" RawValue="63.0000" Channel="1" />
      </Interval>
      <Interval GatewayCollectedTime="2024-10-31T04:00:00 -05:00" IntervalSequenceNumber="1730347200" BlockSequenceNumber="1738951200" EndTime="2024-10-31T05:00:00 -05:00">
        <Reading UOM="CCF" BlockEndValue="0" Value="0.6300" RawValue="63.0000" Channel="1" />
      </Interval>
      <Interval GatewayCollectedTime="2024-10-31T05:00:00 -05:00" IntervalSequenceNumber="1730347200" BlockSequenceNumber="1738951200" EndTime="2024-10-31T06:00:00 -05:00">
        <Reading UOM="CCF" BlockEndValue="0" Value="0.6300" RawValue="63.0000" Channel="1" />
      </Interval>
      <Interval GatewayCollectedTime="2024-10-31T06:00:00 -05:00" IntervalSequenceNumber="1730347200" BlockSequenceNumber="1738951200" EndTime="2024-10-31T07:00:00 -05:00">
        <Reading UOM="CCF" BlockEndValue="0" Value="0.6300" RawValue="63.0000" Channel="1" />
      </Interval>
      <Interval GatewayCollectedTime="2024-10-31T07:00:00 -05:00" IntervalSequenceNumber="1730347200" BlockSequenceNumber="1738951200" EndTime="2024-10-31T08:00:00 -05:00">
        <Reading UOM="CCF" BlockEndValue="0" Value="0.6300" RawValue="63.0000" Channel="1" />
      </Interval>
      <Interval GatewayCollectedTime="2024-10-31T08:00:00 -05:00" IntervalSequenceNumber="1730347200" BlockSequenceNumber="1738951200" EndTime="2024-10-31T09:00:00 -05:00">
        <Reading UOM="CCF" BlockEndValue="0" Value="0.6300" RawValue="63.0000" Channel="1" />
      </Interval>
      <Interval GatewayCollectedTime="2024-10-31T09:00:00 -05:00" IntervalSequenceNumber="1730347200" BlockSequenceNumber="1738951200" EndTime="2024-10-31T10:00:00 -05:00">
        <Reading UOM="CCF" BlockEndValue="0" Value="0.6300" RawValue="63.0000" Channel="1" />
      </Interval>
      <Interval GatewayCollectedTime="2024-10-31T10:00:00 -05:00" IntervalSequenceNumber="1730347200" BlockSequenceNumber="1738951200" EndTime="2024-10-31T11:00:00 -05:00">
        <Reading UOM="CCF" BlockEndValue="0" Value="0.6300" RawValue="63.0000" Channel="1" />
      </Interval>
      <Interval GatewayCollectedTime="2024-10-31T11:00:00 -05:00" IntervalSequenceNumber="1730347200" BlockSequenceNumber="1738951200" EndTime="2024-10-31T12:00:00 -05:00">
        <Reading UOM="CCF" BlockEndValue="0" Value="0.6300" RawValue="63.0000" Channel="1" />
      </Interval>
      <Interval GatewayCollectedTime="2024-10-31T12:00:00 -05:00" IntervalSequenceNumber="1730347200" BlockSequenceNumber="1738951200" EndTime="2024-10-31T13:00:00 -05:00">
        <Reading UOM="CCF" BlockEndValue="0" Value="0.6300" RawValue="63.0000" Channel="1" />
      </Interval>
      <Interval GatewayCollectedTime="2024-10-31T13:00:00 -05:00" IntervalSequenceNumber="1730347200" BlockSequenceNumber="1738951200" EndTime="2024-10-31T14:00:00 -05:00">
        <Reading UOM="CCF" BlockEndValue="0" Value="0.6300" RawValue="63.0000" Channel="1" />
      </Interval>
      <Interval GatewayCollectedTime="2024-10-31T14:00:00 -05:00" IntervalSequenceNumber="1730347200" BlockSequenceNumber="1738951200" EndTime="2024-10-31T15:00:00 -05:00">
        <Reading UOM="CCF" BlockEndValue="0" Value="0.6300" RawValue="63.0000" Channel="1" />
      </Interval>
      <Interval GatewayCollectedTime="2024-10-31T15:00:00 -05:00" IntervalSequenceNumber="1730347200" BlockSequenceNumber="1738951200" EndTime="2024-10-31T16:00:00 -05:00">
        <Reading UOM="CCF" BlockEndValue="0" Value="0.6300" RawValue="63.0000" Channel="1" />
      </Interval>
      <Interval GatewayCollectedTime="2024-10-31T16:00:00 -05:00" IntervalSequenceNumber="1730347200" BlockSequenceNumber="1738951200" EndTime="2024-10-31T17:00:00 -05:00">
        <Reading UOM="CCF" BlockEndValue="0" Value="0.6300" RawValue="63.0000" Channel="1" />
      </Interval>
      <Interval GatewayCollectedTime="2024-10-31T17:00:00 -05:00" IntervalSequenceNumber="1730347200" BlockSequenceNumber="1738951200" EndTime="2024-10-31T18:00:00 -05:00">
        <Reading UOM="CCF" BlockEndValue="0" Value="0.6300" RawValue="63.0000" Channel="1" />
      </Interval>
      <Interval GatewayCollectedTime="2024-10-31T18:00:00 -05:00" IntervalSequenceNumber="1730347200" BlockSequenceNumber="1738951200" EndTime="2024-10-31T19:00:00 -05:00">
        <Reading UOM="CCF" BlockEndValue="0" Value="0.6300" RawValue="63.0000" Channel="1" />
      </Interval>
      <Interval GatewayCollectedTime="2024-10-31T19:00:00 -05:00" IntervalSequenceNumber="1730347200" BlockSequenceNumber="1738951200" EndTime="2024-10-31T20:00:00 -05:00">
        <Reading UOM="CCF" BlockEndValue="0" Value="0.6300" RawValue="63.0000" Channel="1" />
      </Interval>
      <Interval GatewayCollectedTime="2024-10-31T20:00:00 -05:00" IntervalSequenceNumber="1730347200" BlockSequenceNumber="1738951200" EndTime="2024-10-31T21:00:00 -05:00">
        <Reading UOM="CCF" BlockEndValue="0" Value="0.6300" RawValue="63.0000" Channel="1" />
      </Interval>
      <Interval GatewayCollectedTime="2024-10-31T21:00:00 -05:00" IntervalSequenceNumber="1730347200" BlockSequenceNumber="1738951200" EndTime="2024-10-31T22:00:00 -05:00">
        <Reading UOM="CCF" BlockEndValue="0" Value="0.6300" RawValue="63.0000" Channel="1" />
      </Interval>
      <Interval GatewayCollectedTime="2024-10-31T22:00:00 -05:00" IntervalSequenceNumber="1730347200" BlockSequenceNumber="1738951200" EndTime="2024-10-31T23:00:00 -05:00">
        <Reading UOM="CCF" BlockEndValue="0" Value="0.6300" RawValue="63.0000" Channel="1" />
      </Interval>
      <Interval GatewayCollectedTime="2024-10-31T23:00:00 -05:00" IntervalSequenceNumber="1730347200" BlockSequenceNumber="1738951200" EndTime="2024-11-01T00:00:00 -05:00">
        <Reading UOM="CCF" BlockEndValue="862.1200" Value="0.6300" RawValue="63.0000" Channel="1" />
      </Interval>
    </IntervalReadData>
  </MeterData>
  <MeterData UtilServicePointID="399301000000" UtilDeviceID="GM18000134" MacID="00:07:81:43:07:C3:0F:13" MeterName="GM18000134" xmlns="urn:com:ssn:schema:export:v2.5:SSNExportFormat.xsd">
    <RegisterData NumberReads="1" EndTime="2024-11-01T00:00:00 -05:00" StartTime="2024-11-01T00:00:00 -05:00">
      <RegisterRead RegisterReadSource="REG_SRC_TYPE_EOB_SELF_READ" GatewayCollectedTime="2024-10-31T00:00:00 -05:00" ReadTime="2024-11-01T00:00:00 -05:00">
        <Tier Number="0">
          <Register SummationUOM="CCF" Summation="1842.1200" SummationRawValue="184212" Number="1010" />
        </Tier>
      </RegisterRead>
    </RegisterData>
    <IntervalReadData LpSetId="1" NumberIntervals="24" EndTime="2024-11-01T00:00:00 -05:00" StartTime="2024-10-31T00:00:00 -05:00" IntervalLength="60">
      <Interval GatewayCollectedTime="2024-10-31T00:00:00 -05:00" IntervalSequenceNumber="1730347200" BlockSequenceNumber="1738951200" EndTime="2024-10-31T01:00:00 -05:00">
        <Reading UOM="CCF" BlockEndValue="0" Value="0.6300" RawValue="63.0000" Channel="1" />
      </Interval>
      <Interval GatewayCollectedTime="2024-10-31T01:00:00 -05:00" IntervalSequenceNumber="1730347200" BlockSequenceNumber="1738951200" EndTime="2024-10-31T02:00:00 -05:00">
        <Reading UOM="CCF" BlockEndValue="0" Value="0.6300" RawValue="63.0000" Channel="1" />
      </Interval>
      <Interval GatewayCollectedTime="2024-10-31T02:00:00 -05:00" IntervalSequenceNumber="1730347200" BlockSequenceNumber="1738951200" EndTime="2024-10-31T03:00:00 -05:00">
        <Reading UOM="CCF" BlockEndValue="0" Value="0.6300" RawValue="63.0000" Channel="1" />
      </Interval>
      <Interval GatewayCollectedTime="2024-10-31T03:00:00 -05:00" IntervalSequenceNumber="1730347200" BlockSequenceNumber="1738951200" EndTime="2024-10-31T04:00:00 -05:00">
        <Reading UOM="CCF" BlockEndValue="0" Value="0.6300" RawValue="63.0000" Channel="1" />
      </Interval>
      <Interval GatewayCollectedTime="2024-10-31T04:00:00 -05:00" IntervalSequenceNumber="1730347200" BlockSequenceNumber="1738951200" EndTime="2024-10-31T05:00:00 -05:00">
        <Reading UOM="CCF" BlockEndValue="0" Value="0.6300" RawValue="63.0000" Channel="1" />
      </Interval>
      <Interval GatewayCollectedTime="2024-10-31T05:00:00 -05:00" IntervalSequenceNumber="1730347200" BlockSequenceNumber="1738951200" EndTime="2024-10-31T06:00:00 -05:00">
        <Reading UOM="CCF" BlockEndValue="0" Value="0.6300" RawValue="63.0000" Channel="1" />
      </Interval>
      <Interval GatewayCollectedTime="2024-10-31T06:00:00 -05:00" IntervalSequenceNumber="1730347200" BlockSequenceNumber="1738951200" EndTime="2024-10-31T07:00:00 -05:00">
        <Reading UOM="CCF" BlockEndValue="0" Value="0.6300" RawValue="63.0000" Channel="1" />
      </Interval>
      <Interval GatewayCollectedTime="2024-10-31T07:00:00 -05:00" IntervalSequenceNumber="1730347200" BlockSequenceNumber="1738951200" EndTime="2024-10-31T08:00:00 -05:00">
        <Reading UOM="CCF" BlockEndValue="0" Value="0.6300" RawValue="63.0000" Channel="1" />
      </Interval>
      <Interval GatewayCollectedTime="2024-10-31T08:00:00 -05:00" IntervalSequenceNumber="1730347200" BlockSequenceNumber="1738951200" EndTime="2024-10-31T09:00:00 -05:00">
        <Reading UOM="CCF" BlockEndValue="0" Value="0.6300" RawValue="63.0000" Channel="1" />
      </Interval>
      <Interval GatewayCollectedTime="2024-10-31T09:00:00 -05:00" IntervalSequenceNumber="1730347200" BlockSequenceNumber="1738951200" EndTime="2024-10-31T10:00:00 -05:00">
        <Reading UOM="CCF" BlockEndValue="0" Value="0.6300" RawValue="63.0000" Channel="1" />
      </Interval>
      <Interval GatewayCollectedTime="2024-10-31T10:00:00 -05:00" IntervalSequenceNumber="1730347200" BlockSequenceNumber="1738951200" EndTime="2024-10-31T11:00:00 -05:00">
        <Reading UOM="CCF" BlockEndValue="0" Value="0.6300" RawValue="63.0000" Channel="1" />
      </Interval>
      <Interval GatewayCollectedTime="2024-10-31T11:00:00 -05:00" IntervalSequenceNumber="1730347200" BlockSequenceNumber="1738951200" EndTime="2024-10-31T12:00:00 -05:00">
        <Reading UOM="CCF" BlockEndValue="0" Value="0.6300" RawValue="63.0000" Channel="1" />
      </Interval>
      <Interval GatewayCollectedTime="2024-10-31T12:00:00 -05:00" IntervalSequenceNumber="1730347200" BlockSequenceNumber="1738951200" EndTime="2024-10-31T13:00:00 -05:00">
        <Reading UOM="CCF" BlockEndValue="0" Value="0.6300" RawValue="63.0000" Channel="1" />
      </Interval>
      <Interval GatewayCollectedTime="2024-10-31T13:00:00 -05:00" IntervalSequenceNumber="1730347200" BlockSequenceNumber="1738951200" EndTime="2024-10-31T14:00:00 -05:00">
        <Reading UOM="CCF" BlockEndValue="0" Value="0.6300" RawValue="63.0000" Channel="1" />
      </Interval>
      <Interval GatewayCollectedTime="2024-10-31T14:00:00 -05:00" IntervalSequenceNumber="1730347200" BlockSequenceNumber="1738951200" EndTime="2024-10-31T15:00:00 -05:00">
        <Reading UOM="CCF" BlockEndValue="0" Value="0.6300" RawValue="63.0000" Channel="1" />
      </Interval>
      <Interval GatewayCollectedTime="2024-10-31T15:00:00 -05:00" IntervalSequenceNumber="1730347200" BlockSequenceNumber="1738951200" EndTime="2024-10-31T16:00:00 -05:00">
        <Reading UOM="CCF" BlockEndValue="0" Value="0.6300" RawValue="63.0000" Channel="1" />
      </Interval>
      <Interval GatewayCollectedTime="2024-10-31T16:00:00 -05:00" IntervalSequenceNumber="1730347200" BlockSequenceNumber="1738951200" EndTime="2024-10-31T17:00:00 -05:00">
        <Reading UOM="CCF" BlockEndValue="0" Value="0.6300" RawValue="63.0000" Channel="1" />
      </Interval>
      <Interval GatewayCollectedTime="2024-10-31T17:00:00 -05:00" IntervalSequenceNumber="1730347200" BlockSequenceNumber="1738951200" EndTime="2024-10-31T18:00:00 -05:00">
        <Reading UOM="CCF" BlockEndValue="0" Value="0.6300" RawValue="63.0000" Channel="1" />
      </Interval>
      <Interval GatewayCollectedTime="2024-10-31T18:00:00 -05:00" IntervalSequenceNumber="1730347200" BlockSequenceNumber="1738951200" EndTime="2024-10-31T19:00:00 -05:00">
        <Reading UOM="CCF" BlockEndValue="0" Value="0.6300" RawValue="63.0000" Channel="1" />
      </Interval>
      <Interval GatewayCollectedTime="2024-10-31T19:00:00 -05:00" IntervalSequenceNumber="1730347200" BlockSequenceNumber="1738951200" EndTime="2024-10-31T20:00:00 -05:00">
        <Reading UOM="CCF" BlockEndValue="0" Value="0.6300" RawValue="63.0000" Channel="1" />
      </Interval>
      <Interval GatewayCollectedTime="2024-10-31T20:00:00 -05:00" IntervalSequenceNumber="1730347200" BlockSequenceNumber="1738951200" EndTime="2024-10-31T21:00:00 -05:00">
        <Reading UOM="CCF" BlockEndValue="0" Value="0.6300" RawValue="63.0000" Channel="1" />
      </Interval>
      <Interval GatewayCollectedTime="2024-10-31T21:00:00 -05:00" IntervalSequenceNumber="1730347200" BlockSequenceNumber="1738951200" EndTime="2024-10-31T22:00:00 -05:00">
        <Reading UOM="CCF" BlockEndValue="0" Value="0.6300" RawValue="63.0000" Channel="1" />
      </Interval>
      <Interval GatewayCollectedTime="2024-10-31T22:00:00 -05:00" IntervalSequenceNumber="1730347200" BlockSequenceNumber="1738951200" EndTime="2024-10-31T23:00:00 -05:00">
        <Reading UOM="CCF" BlockEndValue="0" Value="0.6300" RawValue="63.0000" Channel="1" />
      </Interval>
      <Interval GatewayCollectedTime="2024-10-31T23:00:00 -05:00" IntervalSequenceNumber="1730347200" BlockSequenceNumber="1738951200" EndTime="2024-11-01T00:00:00 -05:00">
        <Reading UOM="CCF" BlockEndValue="1842.1200" Value="0.6300" RawValue="63.0000" Channel="1" />
      </Interval>
    </IntervalReadData>
  </MeterData>
  <MeterData UtilServicePointID="266531000000" UtilDeviceID="GM18000138" MacID="00:07:81:43:07:C5:CC:60" MeterName="GM18000138" xmlns="urn:com:ssn:schema:export:v2.5:SSNExportFormat.xsd">
    <RegisterData NumberReads="1" EndTime="2024-11-01T00:00:00 -05:00" StartTime="2024-11-01T00:00:00 -05:00">
      <RegisterRead RegisterReadSource="REG_SRC_TYPE_EOB_SELF_READ" GatewayCollectedTime="2024-10-31T00:00:00 -05:00" ReadTime="2024-11-01T00:00:00 -05:00">
        <Tier Number="0">
          <Register SummationUOM="CCF" Summation="1244.1200" SummationRawValue="124412" Number="1010" />
        </Tier>
      </RegisterRead>
    </RegisterData>
    <IntervalReadData LpSetId="1" NumberIntervals="24" EndTime="2024-11-01T00:00:00 -05:00" StartTime="2024-10-31T00:00:00 -05:00" IntervalLength="60">
      <Interval GatewayCollectedTime="2024-10-31T00:00:00 -05:00" IntervalSequenceNumber="1730347200" BlockSequenceNumber="1738951200" EndTime="2024-10-31T01:00:00 -05:00">
        <Reading UOM="CCF" BlockEndValue="0" Value="0.6300" RawValue="63.0000" Channel="1" />
      </Interval>
      <Interval GatewayCollectedTime="2024-10-31T01:00:00 -05:00" IntervalSequenceNumber="1730347200" BlockSequenceNumber="1738951200" EndTime="2024-10-31T02:00:00 -05:00">
        <Reading UOM="CCF" BlockEndValue="0" Value="0.6300" RawValue="63.0000" Channel="1" />
      </Interval>
      <Interval GatewayCollectedTime="2024-10-31T02:00:00 -05:00" IntervalSequenceNumber="1730347200" BlockSequenceNumber="1738951200" EndTime="2024-10-31T03:00:00 -05:00">
        <Reading UOM="CCF" BlockEndValue="0" Value="0.6300" RawValue="63.0000" Channel="1" />
      </Interval>
      <Interval GatewayCollectedTime="2024-10-31T03:00:00 -05:00" IntervalSequenceNumber="1730347200" BlockSequenceNumber="1738951200" EndTime="2024-10-31T04:00:00 -05:00">
        <Reading UOM="CCF" BlockEndValue="0" Value="0.6300" RawValue="63.0000" Channel="1" />
      </Interval>
      <Interval GatewayCollectedTime="2024-10-31T04:00:00 -05:00" IntervalSequenceNumber="1730347200" BlockSequenceNumber="1738951200" EndTime="2024-10-31T05:00:00 -05:00">
        <Reading UOM="CCF" BlockEndValue="0" Value="0.6300" RawValue="63.0000" Channel="1" />
      </Interval>
      <Interval GatewayCollectedTime="2024-10-31T05:00:00 -05:00" IntervalSequenceNumber="1730347200" BlockSequenceNumber="1738951200" EndTime="2024-10-31T06:00:00 -05:00">
        <Reading UOM="CCF" BlockEndValue="0" Value="0.6300" RawValue="63.0000" Channel="1" />
      </Interval>
      <Interval GatewayCollectedTime="2024-10-31T06:00:00 -05:00" IntervalSequenceNumber="1730347200" BlockSequenceNumber="1738951200" EndTime="2024-10-31T07:00:00 -05:00">
        <Reading UOM="CCF" BlockEndValue="0" Value="0.6300" RawValue="63.0000" Channel="1" />
      </Interval>
      <Interval GatewayCollectedTime="2024-10-31T07:00:00 -05:00" IntervalSequenceNumber="1730347200" BlockSequenceNumber="1738951200" EndTime="2024-10-31T08:00:00 -05:00">
        <Reading UOM="CCF" BlockEndValue="0" Value="0.6300" RawValue="63.0000" Channel="1" />
      </Interval>
      <Interval GatewayCollectedTime="2024-10-31T08:00:00 -05:00" IntervalSequenceNumber="1730347200" BlockSequenceNumber="1738951200" EndTime="2024-10-31T09:00:00 -05:00">
        <Reading UOM="CCF" BlockEndValue="0" Value="0.6300" RawValue="63.0000" Channel="1" />
      </Interval>
      <Interval GatewayCollectedTime="2024-10-31T09:00:00 -05:00" IntervalSequenceNumber="1730347200" BlockSequenceNumber="1738951200" EndTime="2024-10-31T10:00:00 -05:00">
        <Reading UOM="CCF" BlockEndValue="0" Value="0.6300" RawValue="63.0000" Channel="1" />
      </Interval>
      <Interval GatewayCollectedTime="2024-10-31T10:00:00 -05:00" IntervalSequenceNumber="1730347200" BlockSequenceNumber="1738951200" EndTime="2024-10-31T11:00:00 -05:00">
        <Reading UOM="CCF" BlockEndValue="0" Value="0.6300" RawValue="63.0000" Channel="1" />
      </Interval>
      <Interval GatewayCollectedTime="2024-10-31T11:00:00 -05:00" IntervalSequenceNumber="1730347200" BlockSequenceNumber="1738951200" EndTime="2024-10-31T12:00:00 -05:00">
        <Reading UOM="CCF" BlockEndValue="0" Value="0.6300" RawValue="63.0000" Channel="1" />
      </Interval>
      <Interval GatewayCollectedTime="2024-10-31T12:00:00 -05:00" IntervalSequenceNumber="1730347200" BlockSequenceNumber="1738951200" EndTime="2024-10-31T13:00:00 -05:00">
        <Reading UOM="CCF" BlockEndValue="0" Value="0.6300" RawValue="63.0000" Channel="1" />
      </Interval>
      <Interval GatewayCollectedTime="2024-10-31T13:00:00 -05:00" IntervalSequenceNumber="1730347200" BlockSequenceNumber="1738951200" EndTime="2024-10-31T14:00:00 -05:00">
        <Reading UOM="CCF" BlockEndValue="0" Value="0.6300" RawValue="63.0000" Channel="1" />
      </Interval>
      <Interval GatewayCollectedTime="2024-10-31T14:00:00 -05:00" IntervalSequenceNumber="1730347200" BlockSequenceNumber="1738951200" EndTime="2024-10-31T15:00:00 -05:00">
        <Reading UOM="CCF" BlockEndValue="0" Value="0.6300" RawValue="63.0000" Channel="1" />
      </Interval>
      <Interval GatewayCollectedTime="2024-10-31T15:00:00 -05:00" IntervalSequenceNumber="1730347200" BlockSequenceNumber="1738951200" EndTime="2024-10-31T16:00:00 -05:00">
        <Reading UOM="CCF" BlockEndValue="0" Value="0.6300" RawValue="63.0000" Channel="1" />
      </Interval>
      <Interval GatewayCollectedTime="2024-10-31T16:00:00 -05:00" IntervalSequenceNumber="1730347200" BlockSequenceNumber="1738951200" EndTime="2024-10-31T17:00:00 -05:00">
        <Reading UOM="CCF" BlockEndValue="0" Value="0.6300" RawValue="63.0000" Channel="1" />
      </Interval>
      <Interval GatewayCollectedTime="2024-10-31T17:00:00 -05:00" IntervalSequenceNumber="1730347200" BlockSequenceNumber="1738951200" EndTime="2024-10-31T18:00:00 -05:00">
        <Reading UOM="CCF" BlockEndValue="0" Value="0.6300" RawValue="63.0000" Channel="1" />
      </Interval>
      <Interval GatewayCollectedTime="2024-10-31T18:00:00 -05:00" IntervalSequenceNumber="1730347200" BlockSequenceNumber="1738951200" EndTime="2024-10-31T19:00:00 -05:00">
        <Reading UOM="CCF" BlockEndValue="0" Value="0.6300" RawValue="63.0000" Channel="1" />
      </Interval>
      <Interval GatewayCollectedTime="2024-10-31T19:00:00 -05:00" IntervalSequenceNumber="1730347200" BlockSequenceNumber="1738951200" EndTime="2024-10-31T20:00:00 -05:00">
        <Reading UOM="CCF" BlockEndValue="0" Value="0.6300" RawValue="63.0000" Channel="1" />
      </Interval>
      <Interval GatewayCollectedTime="2024-10-31T20:00:00 -05:00" IntervalSequenceNumber="1730347200" BlockSequenceNumber="1738951200" EndTime="2024-10-31T21:00:00 -05:00">
        <Reading UOM="CCF" BlockEndValue="0" Value="0.6300" RawValue="63.0000" Channel="1" />
      </Interval>
      <Interval GatewayCollectedTime="2024-10-31T21:00:00 -05:00" IntervalSequenceNumber="1730347200" BlockSequenceNumber="1738951200" EndTime="2024-10-31T22:00:00 -05:00">
        <Reading UOM="CCF" BlockEndValue="0" Value="0.6300" RawValue="63.0000" Channel="1" />
      </Interval>
      <Interval GatewayCollectedTime="2024-10-31T22:00:00 -05:00" IntervalSequenceNumber="1730347200" BlockSequenceNumber="1738951200" EndTime="2024-10-31T23:00:00 -05:00">
        <Reading UOM="CCF" BlockEndValue="0" Value="0.6300" RawValue="63.0000" Channel="1" />
      </Interval>
      <Interval GatewayCollectedTime="2024-10-31T23:00:00 -05:00" IntervalSequenceNumber="1730347200" BlockSequenceNumber="1738951200" EndTime="2024-11-01T00:00:00 -05:00">
        <Reading UOM="CCF" BlockEndValue="1244.1200" Value="0.6300" RawValue="63.0000" Channel="1" />
      </Interval>
    </IntervalReadData>
  </MeterData>
  <MeterData UtilServicePointID="569081000000" UtilDeviceID="GM18000146" MacID="00:07:81:43:07:CB:AB:8B" MeterName="GM18000146" xmlns="urn:com:ssn:schema:export:v2.5:SSNExportFormat.xsd">
    <RegisterData NumberReads="1" EndTime="2024-11-01T00:00:00 -05:00" StartTime="2024-11-01T00:00:00 -05:00">
      <RegisterRead RegisterReadSource="REG_SRC_TYPE_EOB_SELF_READ" GatewayCollectedTime="2024-10-31T00:00:00 -05:00" ReadTime="2024-11-01T00:00:00 -05:00">
        <Tier Number="0">
          <Register SummationUOM="CCF" Summation="15.1200" SummationRawValue="1512" Number="1010" />
        </Tier>
      </RegisterRead>
    </RegisterData>
    <IntervalReadData LpSetId="1" NumberIntervals="24" EndTime="2024-11-01T00:00:00 -05:00" StartTime="2024-10-31T00:00:00 -05:00" IntervalLength="60">
      <Interval GatewayCollectedTime="2024-10-31T00:00:00 -05:00" IntervalSequenceNumber="1730347200" BlockSequenceNumber="1738951200" EndTime="2024-10-31T01:00:00 -05:00">
        <Reading UOM="CCF" BlockEndValue="0" Value="0.6300" RawValue="63.0000" Channel="1" />
      </Interval>
      <Interval GatewayCollectedTime="2024-10-31T01:00:00 -05:00" IntervalSequenceNumber="1730347200" BlockSequenceNumber="1738951200" EndTime="2024-10-31T02:00:00 -05:00">
        <Reading UOM="CCF" BlockEndValue="0" Value="0.6300" RawValue="63.0000" Channel="1" />
      </Interval>
      <Interval GatewayCollectedTime="2024-10-31T02:00:00 -05:00" IntervalSequenceNumber="1730347200" BlockSequenceNumber="1738951200" EndTime="2024-10-31T03:00:00 -05:00">
        <Reading UOM="CCF" BlockEndValue="0" Value="0.6300" RawValue="63.0000" Channel="1" />
      </Interval>
      <Interval GatewayCollectedTime="2024-10-31T03:00:00 -05:00" IntervalSequenceNumber="1730347200" BlockSequenceNumber="1738951200" EndTime="2024-10-31T04:00:00 -05:00">
        <Reading UOM="CCF" BlockEndValue="0" Value="0.6300" RawValue="63.0000" Channel="1" />
      </Interval>
      <Interval GatewayCollectedTime="2024-10-31T04:00:00 -05:00" IntervalSequenceNumber="1730347200" BlockSequenceNumber="1738951200" EndTime="2024-10-31T05:00:00 -05:00">
        <Reading UOM="CCF" BlockEndValue="0" Value="0.6300" RawValue="63.0000" Channel="1" />
      </Interval>
      <Interval GatewayCollectedTime="2024-10-31T05:00:00 -05:00" IntervalSequenceNumber="1730347200" BlockSequenceNumber="1738951200" EndTime="2024-10-31T06:00:00 -05:00">
        <Reading UOM="CCF" BlockEndValue="0" Value="0.6300" RawValue="63.0000" Channel="1" />
      </Interval>
      <Interval GatewayCollectedTime="2024-10-31T06:00:00 -05:00" IntervalSequenceNumber="1730347200" BlockSequenceNumber="1738951200" EndTime="2024-10-31T07:00:00 -05:00">
        <Reading UOM="CCF" BlockEndValue="0" Value="0.6300" RawValue="63.0000" Channel="1" />
      </Interval>
      <Interval GatewayCollectedTime="2024-10-31T07:00:00 -05:00" IntervalSequenceNumber="1730347200" BlockSequenceNumber="1738951200" EndTime="2024-10-31T08:00:00 -05:00">
        <Reading UOM="CCF" BlockEndValue="0" Value="0.6300" RawValue="63.0000" Channel="1" />
      </Interval>
      <Interval GatewayCollectedTime="2024-10-31T08:00:00 -05:00" IntervalSequenceNumber="1730347200" BlockSequenceNumber="1738951200" EndTime="2024-10-31T09:00:00 -05:00">
        <Reading UOM="CCF" BlockEndValue="0" Value="0.6300" RawValue="63.0000" Channel="1" />
      </Interval>
      <Interval GatewayCollectedTime="2024-10-31T09:00:00 -05:00" IntervalSequenceNumber="1730347200" BlockSequenceNumber="1738951200" EndTime="2024-10-31T10:00:00 -05:00">
        <Reading UOM="CCF" BlockEndValue="0" Value="0.6300" RawValue="63.0000" Channel="1" />
      </Interval>
      <Interval GatewayCollectedTime="2024-10-31T10:00:00 -05:00" IntervalSequenceNumber="1730347200" BlockSequenceNumber="1738951200" EndTime="2024-10-31T11:00:00 -05:00">
        <Reading UOM="CCF" BlockEndValue="0" Value="0.6300" RawValue="63.0000" Channel="1" />
      </Interval>
      <Interval GatewayCollectedTime="2024-10-31T11:00:00 -05:00" IntervalSequenceNumber="1730347200" BlockSequenceNumber="1738951200" EndTime="2024-10-31T12:00:00 -05:00">
        <Reading UOM="CCF" BlockEndValue="0" Value="0.6300" RawValue="63.0000" Channel="1" />
      </Interval>
      <Interval GatewayCollectedTime="2024-10-31T12:00:00 -05:00" IntervalSequenceNumber="1730347200" BlockSequenceNumber="1738951200" EndTime="2024-10-31T13:00:00 -05:00">
        <Reading UOM="CCF" BlockEndValue="0" Value="0.6300" RawValue="63.0000" Channel="1" />
      </Interval>
      <Interval GatewayCollectedTime="2024-10-31T13:00:00 -05:00" IntervalSequenceNumber="1730347200" BlockSequenceNumber="1738951200" EndTime="2024-10-31T14:00:00 -05:00">
        <Reading UOM="CCF" BlockEndValue="0" Value="0.6300" RawValue="63.0000" Channel="1" />
      </Interval>
      <Interval GatewayCollectedTime="2024-10-31T14:00:00 -05:00" IntervalSequenceNumber="1730347200" BlockSequenceNumber="1738951200" EndTime="2024-10-31T15:00:00 -05:00">
        <Reading UOM="CCF" BlockEndValue="0" Value="0.6300" RawValue="63.0000" Channel="1" />
      </Interval>
      <Interval GatewayCollectedTime="2024-10-31T15:00:00 -05:00" IntervalSequenceNumber="1730347200" BlockSequenceNumber="1738951200" EndTime="2024-10-31T16:00:00 -05:00">
        <Reading UOM="CCF" BlockEndValue="0" Value="0.6300" RawValue="63.0000" Channel="1" />
      </Interval>
      <Interval GatewayCollectedTime="2024-10-31T16:00:00 -05:00" IntervalSequenceNumber="1730347200" BlockSequenceNumber="1738951200" EndTime="2024-10-31T17:00:00 -05:00">
        <Reading UOM="CCF" BlockEndValue="0" Value="0.6300" RawValue="63.0000" Channel="1" />
      </Interval>
      <Interval GatewayCollectedTime="2024-10-31T17:00:00 -05:00" IntervalSequenceNumber="1730347200" BlockSequenceNumber="1738951200" EndTime="2024-10-31T18:00:00 -05:00">
        <Reading UOM="CCF" BlockEndValue="0" Value="0.6300" RawValue="63.0000" Channel="1" />
      </Interval>
      <Interval GatewayCollectedTime="2024-10-31T18:00:00 -05:00" IntervalSequenceNumber="1730347200" BlockSequenceNumber="1738951200" EndTime="2024-10-31T19:00:00 -05:00">
        <Reading UOM="CCF" BlockEndValue="0" Value="0.6300" RawValue="63.0000" Channel="1" />
      </Interval>
      <Interval GatewayCollectedTime="2024-10-31T19:00:00 -05:00" IntervalSequenceNumber="1730347200" BlockSequenceNumber="1738951200" EndTime="2024-10-31T20:00:00 -05:00">
        <Reading UOM="CCF" BlockEndValue="0" Value="0.6300" RawValue="63.0000" Channel="1" />
      </Interval>
      <Interval GatewayCollectedTime="2024-10-31T20:00:00 -05:00" IntervalSequenceNumber="1730347200" BlockSequenceNumber="1738951200" EndTime="2024-10-31T21:00:00 -05:00">
        <Reading UOM="CCF" BlockEndValue="0" Value="0.6300" RawValue="63.0000" Channel="1" />
      </Interval>
      <Interval GatewayCollectedTime="2024-10-31T21:00:00 -05:00" IntervalSequenceNumber="1730347200" BlockSequenceNumber="1738951200" EndTime="2024-10-31T22:00:00 -05:00">
        <Reading UOM="CCF" BlockEndValue="0" Value="0.6300" RawValue="63.0000" Channel="1" />
      </Interval>
      <Interval GatewayCollectedTime="2024-10-31T22:00:00 -05:00" IntervalSequenceNumber="1730347200" BlockSequenceNumber="1738951200" EndTime="2024-10-31T23:00:00 -05:00">
        <Reading UOM="CCF" BlockEndValue="0" Value="0.6300" RawValue="63.0000" Channel="1" />
      </Interval>
      <Interval GatewayCollectedTime="2024-10-31T23:00:00 -05:00" IntervalSequenceNumber="1730347200" BlockSequenceNumber="1738951200" EndTime="2024-11-01T00:00:00 -05:00">
        <Reading UOM="CCF" BlockEndValue="15.1200" Value="0.6300" RawValue="63.0000" Channel="1" />
      </Interval>
    </IntervalReadData>
  </MeterData>
  <MeterData UtilServicePointID="335291000000" UtilDeviceID="GM18000158" MacID="00:07:81:43:07:C5:DD:54" MeterName="GM18000158" xmlns="urn:com:ssn:schema:export:v2.5:SSNExportFormat.xsd">
    <RegisterData NumberReads="1" EndTime="2024-11-01T00:00:00 -05:00" StartTime="2024-11-01T00:00:00 -05:00">
      <RegisterRead RegisterReadSource="REG_SRC_TYPE_EOB_SELF_READ" GatewayCollectedTime="2024-10-31T00:00:00 -05:00" ReadTime="2024-11-01T00:00:00 -05:00">
        <Tier Number="0">
          <Register SummationUOM="CCF" Summation="6857.1200" SummationRawValue="685712" Number="1010" />
        </Tier>
      </RegisterRead>
    </RegisterData>
    <IntervalReadData LpSetId="1" NumberIntervals="24" EndTime="2024-11-01T00:00:00 -05:00" StartTime="2024-10-31T00:00:00 -05:00" IntervalLength="60">
      <Interval GatewayCollectedTime="2024-10-31T00:00:00 -05:00" IntervalSequenceNumber="1730347200" BlockSequenceNumber="1738951200" EndTime="2024-10-31T01:00:00 -05:00">
        <Reading UOM="CCF" BlockEndValue="0" Value="0.6300" RawValue="63.0000" Channel="1" />
      </Interval>
      <Interval GatewayCollectedTime="2024-10-31T01:00:00 -05:00" IntervalSequenceNumber="1730347200" BlockSequenceNumber="1738951200" EndTime="2024-10-31T02:00:00 -05:00">
        <Reading UOM="CCF" BlockEndValue="0" Value="0.6300" RawValue="63.0000" Channel="1" />
      </Interval>
      <Interval GatewayCollectedTime="2024-10-31T02:00:00 -05:00" IntervalSequenceNumber="1730347200" BlockSequenceNumber="1738951200" EndTime="2024-10-31T03:00:00 -05:00">
        <Reading UOM="CCF" BlockEndValue="0" Value="0.6300" RawValue="63.0000" Channel="1" />
      </Interval>
      <Interval GatewayCollectedTime="2024-10-31T03:00:00 -05:00" IntervalSequenceNumber="1730347200" BlockSequenceNumber="1738951200" EndTime="2024-10-31T04:00:00 -05:00">
        <Reading UOM="CCF" BlockEndValue="0" Value="0.6300" RawValue="63.0000" Channel="1" />
      </Interval>
      <Interval GatewayCollectedTime="2024-10-31T04:00:00 -05:00" IntervalSequenceNumber="1730347200" BlockSequenceNumber="1738951200" EndTime="2024-10-31T05:00:00 -05:00">
        <Reading UOM="CCF" BlockEndValue="0" Value="0.6300" RawValue="63.0000" Channel="1" />
      </Interval>
      <Interval GatewayCollectedTime="2024-10-31T05:00:00 -05:00" IntervalSequenceNumber="1730347200" BlockSequenceNumber="1738951200" EndTime="2024-10-31T06:00:00 -05:00">
        <Reading UOM="CCF" BlockEndValue="0" Value="0.6300" RawValue="63.0000" Channel="1" />
      </Interval>
      <Interval GatewayCollectedTime="2024-10-31T06:00:00 -05:00" IntervalSequenceNumber="1730347200" BlockSequenceNumber="1738951200" EndTime="2024-10-31T07:00:00 -05:00">
        <Reading UOM="CCF" BlockEndValue="0" Value="0.6300" RawValue="63.0000" Channel="1" />
      </Interval>
      <Interval GatewayCollectedTime="2024-10-31T07:00:00 -05:00" IntervalSequenceNumber="1730347200" BlockSequenceNumber="1738951200" EndTime="2024-10-31T08:00:00 -05:00">
        <Reading UOM="CCF" BlockEndValue="0" Value="0.6300" RawValue="63.0000" Channel="1" />
      </Interval>
      <Interval GatewayCollectedTime="2024-10-31T08:00:00 -05:00" IntervalSequenceNumber="1730347200" BlockSequenceNumber="1738951200" EndTime="2024-10-31T09:00:00 -05:00">
        <Reading UOM="CCF" BlockEndValue="0" Value="0.6300" RawValue="63.0000" Channel="1" />
      </Interval>
      <Interval GatewayCollectedTime="2024-10-31T09:00:00 -05:00" IntervalSequenceNumber="1730347200" BlockSequenceNumber="1738951200" EndTime="2024-10-31T10:00:00 -05:00">
        <Reading UOM="CCF" BlockEndValue="0" Value="0.6300" RawValue="63.0000" Channel="1" />
      </Interval>
      <Interval GatewayCollectedTime="2024-10-31T10:00:00 -05:00" IntervalSequenceNumber="1730347200" BlockSequenceNumber="1738951200" EndTime="2024-10-31T11:00:00 -05:00">
        <Reading UOM="CCF" BlockEndValue="0" Value="0.6300" RawValue="63.0000" Channel="1" />
      </Interval>
      <Interval GatewayCollectedTime="2024-10-31T11:00:00 -05:00" IntervalSequenceNumber="1730347200" BlockSequenceNumber="1738951200" EndTime="2024-10-31T12:00:00 -05:00">
        <Reading UOM="CCF" BlockEndValue="0" Value="0.6300" RawValue="63.0000" Channel="1" />
      </Interval>
      <Interval GatewayCollectedTime="2024-10-31T12:00:00 -05:00" IntervalSequenceNumber="1730347200" BlockSequenceNumber="1738951200" EndTime="2024-10-31T13:00:00 -05:00">
        <Reading UOM="CCF" BlockEndValue="0" Value="0.6300" RawValue="63.0000" Channel="1" />
      </Interval>
      <Interval GatewayCollectedTime="2024-10-31T13:00:00 -05:00" IntervalSequenceNumber="1730347200" BlockSequenceNumber="1738951200" EndTime="2024-10-31T14:00:00 -05:00">
        <Reading UOM="CCF" BlockEndValue="0" Value="0.6300" RawValue="63.0000" Channel="1" />
      </Interval>
      <Interval GatewayCollectedTime="2024-10-31T14:00:00 -05:00" IntervalSequenceNumber="1730347200" BlockSequenceNumber="1738951200" EndTime="2024-10-31T15:00:00 -05:00">
        <Reading UOM="CCF" BlockEndValue="0" Value="0.6300" RawValue="63.0000" Channel="1" />
      </Interval>
      <Interval GatewayCollectedTime="2024-10-31T15:00:00 -05:00" IntervalSequenceNumber="1730347200" BlockSequenceNumber="1738951200" EndTime="2024-10-31T16:00:00 -05:00">
        <Reading UOM="CCF" BlockEndValue="0" Value="0.6300" RawValue="63.0000" Channel="1" />
      </Interval>
      <Interval GatewayCollectedTime="2024-10-31T16:00:00 -05:00" IntervalSequenceNumber="1730347200" BlockSequenceNumber="1738951200" EndTime="2024-10-31T17:00:00 -05:00">
        <Reading UOM="CCF" BlockEndValue="0" Value="0.6300" RawValue="63.0000" Channel="1" />
      </Interval>
      <Interval GatewayCollectedTime="2024-10-31T17:00:00 -05:00" IntervalSequenceNumber="1730347200" BlockSequenceNumber="1738951200" EndTime="2024-10-31T18:00:00 -05:00">
        <Reading UOM="CCF" BlockEndValue="0" Value="0.6300" RawValue="63.0000" Channel="1" />
      </Interval>
      <Interval GatewayCollectedTime="2024-10-31T18:00:00 -05:00" IntervalSequenceNumber="1730347200" BlockSequenceNumber="1738951200" EndTime="2024-10-31T19:00:00 -05:00">
        <Reading UOM="CCF" BlockEndValue="0" Value="0.6300" RawValue="63.0000" Channel="1" />
      </Interval>
      <Interval GatewayCollectedTime="2024-10-31T19:00:00 -05:00" IntervalSequenceNumber="1730347200" BlockSequenceNumber="1738951200" EndTime="2024-10-31T20:00:00 -05:00">
        <Reading UOM="CCF" BlockEndValue="0" Value="0.6300" RawValue="63.0000" Channel="1" />
      </Interval>
      <Interval GatewayCollectedTime="2024-10-31T20:00:00 -05:00" IntervalSequenceNumber="1730347200" BlockSequenceNumber="1738951200" EndTime="2024-10-31T21:00:00 -05:00">
        <Reading UOM="CCF" BlockEndValue="0" Value="0.6300" RawValue="63.0000" Channel="1" />
      </Interval>
      <Interval GatewayCollectedTime="2024-10-31T21:00:00 -05:00" IntervalSequenceNumber="1730347200" BlockSequenceNumber="1738951200" EndTime="2024-10-31T22:00:00 -05:00">
        <Reading UOM="CCF" BlockEndValue="0" Value="0.6300" RawValue="63.0000" Channel="1" />
      </Interval>
      <Interval GatewayCollectedTime="2024-10-31T22:00:00 -05:00" IntervalSequenceNumber="1730347200" BlockSequenceNumber="1738951200" EndTime="2024-10-31T23:00:00 -05:00">
        <Reading UOM="CCF" BlockEndValue="0" Value="0.6300" RawValue="63.0000" Channel="1" />
      </Interval>
      <Interval GatewayCollectedTime="2024-10-31T23:00:00 -05:00" IntervalSequenceNumber="1730347200" BlockSequenceNumber="1738951200" EndTime="2024-11-01T00:00:00 -05:00">
        <Reading UOM="CCF" BlockEndValue="6857.1200" Value="0.6300" RawValue="63.0000" Channel="1" />
      </Interval>
    </IntervalReadData>
  </MeterData>
  <MeterData UtilServicePointID="297000000000" UtilDeviceID="GM18000165" MacID="00:07:81:43:07:C3:2F:13" MeterName="GM18000165" xmlns="urn:com:ssn:schema:export:v2.5:SSNExportFormat.xsd">
    <RegisterData NumberReads="1" EndTime="2024-11-01T00:00:00 -05:00" StartTime="2024-11-01T00:00:00 -05:00">
      <RegisterRead RegisterReadSource="REG_SRC_TYPE_EOB_SELF_READ" GatewayCollectedTime="2024-10-31T00:00:00 -05:00" ReadTime="2024-11-01T00:00:00 -05:00">
        <Tier Number="0">
          <Register SummationUOM="CCF" Summation="2092.1200" SummationRawValue="209212" Number="1010" />
        </Tier>
      </RegisterRead>
    </RegisterData>
    <IntervalReadData LpSetId="1" NumberIntervals="24" EndTime="2024-11-01T00:00:00 -05:00" StartTime="2024-10-31T00:00:00 -05:00" IntervalLength="60">
      <Interval GatewayCollectedTime="2024-10-31T00:00:00 -05:00" IntervalSequenceNumber="1730347200" BlockSequenceNumber="1738951200" EndTime="2024-10-31T01:00:00 -05:00">
        <Reading UOM="CCF" BlockEndValue="0" Value="0.6300" RawValue="63.0000" Channel="1" />
      </Interval>
      <Interval GatewayCollectedTime="2024-10-31T01:00:00 -05:00" IntervalSequenceNumber="1730347200" BlockSequenceNumber="1738951200" EndTime="2024-10-31T02:00:00 -05:00">
        <Reading UOM="CCF" BlockEndValue="0" Value="0.6300" RawValue="63.0000" Channel="1" />
      </Interval>
      <Interval GatewayCollectedTime="2024-10-31T02:00:00 -05:00" IntervalSequenceNumber="1730347200" BlockSequenceNumber="1738951200" EndTime="2024-10-31T03:00:00 -05:00">
        <Reading UOM="CCF" BlockEndValue="0" Value="0.6300" RawValue="63.0000" Channel="1" />
      </Interval>
      <Interval GatewayCollectedTime="2024-10-31T03:00:00 -05:00" IntervalSequenceNumber="1730347200" BlockSequenceNumber="1738951200" EndTime="2024-10-31T04:00:00 -05:00">
        <Reading UOM="CCF" BlockEndValue="0" Value="0.6300" RawValue="63.0000" Channel="1" />
      </Interval>
      <Interval GatewayCollectedTime="2024-10-31T04:00:00 -05:00" IntervalSequenceNumber="1730347200" BlockSequenceNumber="1738951200" EndTime="2024-10-31T05:00:00 -05:00">
        <Reading UOM="CCF" BlockEndValue="0" Value="0.6300" RawValue="63.0000" Channel="1" />
      </Interval>
      <Interval GatewayCollectedTime="2024-10-31T05:00:00 -05:00" IntervalSequenceNumber="1730347200" BlockSequenceNumber="1738951200" EndTime="2024-10-31T06:00:00 -05:00">
        <Reading UOM="CCF" BlockEndValue="0" Value="0.6300" RawValue="63.0000" Channel="1" />
      </Interval>
      <Interval GatewayCollectedTime="2024-10-31T06:00:00 -05:00" IntervalSequenceNumber="1730347200" BlockSequenceNumber="1738951200" EndTime="2024-10-31T07:00:00 -05:00">
        <Reading UOM="CCF" BlockEndValue="0" Value="0.6300" RawValue="63.0000" Channel="1" />
      </Interval>
      <Interval GatewayCollectedTime="2024-10-31T07:00:00 -05:00" IntervalSequenceNumber="1730347200" BlockSequenceNumber="1738951200" EndTime="2024-10-31T08:00:00 -05:00">
        <Reading UOM="CCF" BlockEndValue="0" Value="0.6300" RawValue="63.0000" Channel="1" />
      </Interval>
      <Interval GatewayCollectedTime="2024-10-31T08:00:00 -05:00" IntervalSequenceNumber="1730347200" BlockSequenceNumber="1738951200" EndTime="2024-10-31T09:00:00 -05:00">
        <Reading UOM="CCF" BlockEndValue="0" Value="0.6300" RawValue="63.0000" Channel="1" />
      </Interval>
      <Interval GatewayCollectedTime="2024-10-31T09:00:00 -05:00" IntervalSequenceNumber="1730347200" BlockSequenceNumber="1738951200" EndTime="2024-10-31T10:00:00 -05:00">
        <Reading UOM="CCF" BlockEndValue="0" Value="0.6300" RawValue="63.0000" Channel="1" />
      </Interval>
      <Interval GatewayCollectedTime="2024-10-31T10:00:00 -05:00" IntervalSequenceNumber="1730347200" BlockSequenceNumber="1738951200" EndTime="2024-10-31T11:00:00 -05:00">
        <Reading UOM="CCF" BlockEndValue="0" Value="0.6300" RawValue="63.0000" Channel="1" />
      </Interval>
      <Interval GatewayCollectedTime="2024-10-31T11:00:00 -05:00" IntervalSequenceNumber="1730347200" BlockSequenceNumber="1738951200" EndTime="2024-10-31T12:00:00 -05:00">
        <Reading UOM="CCF" BlockEndValue="0" Value="0.6300" RawValue="63.0000" Channel="1" />
      </Interval>
      <Interval GatewayCollectedTime="2024-10-31T12:00:00 -05:00" IntervalSequenceNumber="1730347200" BlockSequenceNumber="1738951200" EndTime="2024-10-31T13:00:00 -05:00">
        <Reading UOM="CCF" BlockEndValue="0" Value="0.6300" RawValue="63.0000" Channel="1" />
      </Interval>
      <Interval GatewayCollectedTime="2024-10-31T13:00:00 -05:00" IntervalSequenceNumber="1730347200" BlockSequenceNumber="1738951200" EndTime="2024-10-31T14:00:00 -05:00">
        <Reading UOM="CCF" BlockEndValue="0" Value="0.6300" RawValue="63.0000" Channel="1" />
      </Interval>
      <Interval GatewayCollectedTime="2024-10-31T14:00:00 -05:00" IntervalSequenceNumber="1730347200" BlockSequenceNumber="1738951200" EndTime="2024-10-31T15:00:00 -05:00">
        <Reading UOM="CCF" BlockEndValue="0" Value="0.6300" RawValue="63.0000" Channel="1" />
      </Interval>
      <Interval GatewayCollectedTime="2024-10-31T15:00:00 -05:00" IntervalSequenceNumber="1730347200" BlockSequenceNumber="1738951200" EndTime="2024-10-31T16:00:00 -05:00">
        <Reading UOM="CCF" BlockEndValue="0" Value="0.6300" RawValue="63.0000" Channel="1" />
      </Interval>
      <Interval GatewayCollectedTime="2024-10-31T16:00:00 -05:00" IntervalSequenceNumber="1730347200" BlockSequenceNumber="1738951200" EndTime="2024-10-31T17:00:00 -05:00">
        <Reading UOM="CCF" BlockEndValue="0" Value="0.6300" RawValue="63.0000" Channel="1" />
      </Interval>
      <Interval GatewayCollectedTime="2024-10-31T17:00:00 -05:00" IntervalSequenceNumber="1730347200" BlockSequenceNumber="1738951200" EndTime="2024-10-31T18:00:00 -05:00">
        <Reading UOM="CCF" BlockEndValue="0" Value="0.6300" RawValue="63.0000" Channel="1" />
      </Interval>
      <Interval GatewayCollectedTime="2024-10-31T18:00:00 -05:00" IntervalSequenceNumber="1730347200" BlockSequenceNumber="1738951200" EndTime="2024-10-31T19:00:00 -05:00">
        <Reading UOM="CCF" BlockEndValue="0" Value="0.6300" RawValue="63.0000" Channel="1" />
      </Interval>
      <Interval GatewayCollectedTime="2024-10-31T19:00:00 -05:00" IntervalSequenceNumber="1730347200" BlockSequenceNumber="1738951200" EndTime="2024-10-31T20:00:00 -05:00">
        <Reading UOM="CCF" BlockEndValue="0" Value="0.6300" RawValue="63.0000" Channel="1" />
      </Interval>
      <Interval GatewayCollectedTime="2024-10-31T20:00:00 -05:00" IntervalSequenceNumber="1730347200" BlockSequenceNumber="1738951200" EndTime="2024-10-31T21:00:00 -05:00">
        <Reading UOM="CCF" BlockEndValue="0" Value="0.6300" RawValue="63.0000" Channel="1" />
      </Interval>
      <Interval GatewayCollectedTime="2024-10-31T21:00:00 -05:00" IntervalSequenceNumber="1730347200" BlockSequenceNumber="1738951200" EndTime="2024-10-31T22:00:00 -05:00">
        <Reading UOM="CCF" BlockEndValue="0" Value="0.6300" RawValue="63.0000" Channel="1" />
      </Interval>
      <Interval GatewayCollectedTime="2024-10-31T22:00:00 -05:00" IntervalSequenceNumber="1730347200" BlockSequenceNumber="1738951200" EndTime="2024-10-31T23:00:00 -05:00">
        <Reading UOM="CCF" BlockEndValue="0" Value="0.6300" RawValue="63.0000" Channel="1" />
      </Interval>
      <Interval GatewayCollectedTime="2024-10-31T23:00:00 -05:00" IntervalSequenceNumber="1730347200" BlockSequenceNumber="1738951200" EndTime="2024-11-01T00:00:00 -05:00">
        <Reading UOM="CCF" BlockEndValue="2092.1200" Value="0.6300" RawValue="63.0000" Channel="1" />
      </Interval>
    </IntervalReadData>
  </MeterData>
  <MeterData UtilServicePointID="286460000000" UtilDeviceID="GM18000171" MacID="00:07:81:43:07:C9:92:41" MeterName="GM18000171" xmlns="urn:com:ssn:schema:export:v2.5:SSNExportFormat.xsd">
    <RegisterData NumberReads="1" EndTime="2024-11-01T00:00:00 -05:00" StartTime="2024-11-01T00:00:00 -05:00">
      <RegisterRead RegisterReadSource="REG_SRC_TYPE_EOB_SELF_READ" GatewayCollectedTime="2024-10-31T00:00:00 -05:00" ReadTime="2024-11-01T00:00:00 -05:00">
        <Tier Number="0">
          <Register SummationUOM="CCF" Summation="877.1200" SummationRawValue="87712" Number="1010" />
        </Tier>
      </RegisterRead>
    </RegisterData>
    <IntervalReadData LpSetId="1" NumberIntervals="24" EndTime="2024-11-01T00:00:00 -05:00" StartTime="2024-10-31T00:00:00 -05:00" IntervalLength="60">
      <Interval GatewayCollectedTime="2024-10-31T00:00:00 -05:00" IntervalSequenceNumber="1730347200" BlockSequenceNumber="1738951200" EndTime="2024-10-31T01:00:00 -05:00">
        <Reading UOM="CCF" BlockEndValue="0" Value="0.6300" RawValue="63.0000" Channel="1" />
      </Interval>
      <Interval GatewayCollectedTime="2024-10-31T01:00:00 -05:00" IntervalSequenceNumber="1730347200" BlockSequenceNumber="1738951200" EndTime="2024-10-31T02:00:00 -05:00">
        <Reading UOM="CCF" BlockEndValue="0" Value="0.6300" RawValue="63.0000" Channel="1" />
      </Interval>
      <Interval GatewayCollectedTime="2024-10-31T02:00:00 -05:00" IntervalSequenceNumber="1730347200" BlockSequenceNumber="1738951200" EndTime="2024-10-31T03:00:00 -05:00">
        <Reading UOM="CCF" BlockEndValue="0" Value="0.6300" RawValue="63.0000" Channel="1" />
      </Interval>
      <Interval GatewayCollectedTime="2024-10-31T03:00:00 -05:00" IntervalSequenceNumber="1730347200" BlockSequenceNumber="1738951200" EndTime="2024-10-31T04:00:00 -05:00">
        <Reading UOM="CCF" BlockEndValue="0" Value="0.6300" RawValue="63.0000" Channel="1" />
      </Interval>
      <Interval GatewayCollectedTime="2024-10-31T04:00:00 -05:00" IntervalSequenceNumber="1730347200" BlockSequenceNumber="1738951200" EndTime="2024-10-31T05:00:00 -05:00">
        <Reading UOM="CCF" BlockEndValue="0" Value="0.6300" RawValue="63.0000" Channel="1" />
      </Interval>
      <Interval GatewayCollectedTime="2024-10-31T05:00:00 -05:00" IntervalSequenceNumber="1730347200" BlockSequenceNumber="1738951200" EndTime="2024-10-31T06:00:00 -05:00">
        <Reading UOM="CCF" BlockEndValue="0" Value="0.6300" RawValue="63.0000" Channel="1" />
      </Interval>
      <Interval GatewayCollectedTime="2024-10-31T06:00:00 -05:00" IntervalSequenceNumber="1730347200" BlockSequenceNumber="1738951200" EndTime="2024-10-31T07:00:00 -05:00">
        <Reading UOM="CCF" BlockEndValue="0" Value="0.6300" RawValue="63.0000" Channel="1" />
      </Interval>
      <Interval GatewayCollectedTime="2024-10-31T07:00:00 -05:00" IntervalSequenceNumber="1730347200" BlockSequenceNumber="1738951200" EndTime="2024-10-31T08:00:00 -05:00">
        <Reading UOM="CCF" BlockEndValue="0" Value="0.6300" RawValue="63.0000" Channel="1" />
      </Interval>
      <Interval GatewayCollectedTime="2024-10-31T08:00:00 -05:00" IntervalSequenceNumber="1730347200" BlockSequenceNumber="1738951200" EndTime="2024-10-31T09:00:00 -05:00">
        <Reading UOM="CCF" BlockEndValue="0" Value="0.6300" RawValue="63.0000" Channel="1" />
      </Interval>
      <Interval GatewayCollectedTime="2024-10-31T09:00:00 -05:00" IntervalSequenceNumber="1730347200" BlockSequenceNumber="1738951200" EndTime="2024-10-31T10:00:00 -05:00">
        <Reading UOM="CCF" BlockEndValue="0" Value="0.6300" RawValue="63.0000" Channel="1" />
      </Interval>
      <Interval GatewayCollectedTime="2024-10-31T10:00:00 -05:00" IntervalSequenceNumber="1730347200" BlockSequenceNumber="1738951200" EndTime="2024-10-31T11:00:00 -05:00">
        <Reading UOM="CCF" BlockEndValue="0" Value="0.6300" RawValue="63.0000" Channel="1" />
      </Interval>
      <Interval GatewayCollectedTime="2024-10-31T11:00:00 -05:00" IntervalSequenceNumber="1730347200" BlockSequenceNumber="1738951200" EndTime="2024-10-31T12:00:00 -05:00">
        <Reading UOM="CCF" BlockEndValue="0" Value="0.6300" RawValue="63.0000" Channel="1" />
      </Interval>
      <Interval GatewayCollectedTime="2024-10-31T12:00:00 -05:00" IntervalSequenceNumber="1730347200" BlockSequenceNumber="1738951200" EndTime="2024-10-31T13:00:00 -05:00">
        <Reading UOM="CCF" BlockEndValue="0" Value="0.6300" RawValue="63.0000" Channel="1" />
      </Interval>
      <Interval GatewayCollectedTime="2024-10-31T13:00:00 -05:00" IntervalSequenceNumber="1730347200" BlockSequenceNumber="1738951200" EndTime="2024-10-31T14:00:00 -05:00">
        <Reading UOM="CCF" BlockEndValue="0" Value="0.6300" RawValue="63.0000" Channel="1" />
      </Interval>
      <Interval GatewayCollectedTime="2024-10-31T14:00:00 -05:00" IntervalSequenceNumber="1730347200" BlockSequenceNumber="1738951200" EndTime="2024-10-31T15:00:00 -05:00">
        <Reading UOM="CCF" BlockEndValue="0" Value="0.6300" RawValue="63.0000" Channel="1" />
      </Interval>
      <Interval GatewayCollectedTime="2024-10-31T15:00:00 -05:00" IntervalSequenceNumber="1730347200" BlockSequenceNumber="1738951200" EndTime="2024-10-31T16:00:00 -05:00">
        <Reading UOM="CCF" BlockEndValue="0" Value="0.6300" RawValue="63.0000" Channel="1" />
      </Interval>
      <Interval GatewayCollectedTime="2024-10-31T16:00:00 -05:00" IntervalSequenceNumber="1730347200" BlockSequenceNumber="1738951200" EndTime="2024-10-31T17:00:00 -05:00">
        <Reading UOM="CCF" BlockEndValue="0" Value="0.6300" RawValue="63.0000" Channel="1" />
      </Interval>
      <Interval GatewayCollectedTime="2024-10-31T17:00:00 -05:00" IntervalSequenceNumber="1730347200" BlockSequenceNumber="1738951200" EndTime="2024-10-31T18:00:00 -05:00">
        <Reading UOM="CCF" BlockEndValue="0" Value="0.6300" RawValue="63.0000" Channel="1" />
      </Interval>
      <Interval GatewayCollectedTime="2024-10-31T18:00:00 -05:00" IntervalSequenceNumber="1730347200" BlockSequenceNumber="1738951200" EndTime="2024-10-31T19:00:00 -05:00">
        <Reading UOM="CCF" BlockEndValue="0" Value="0.6300" RawValue="63.0000" Channel="1" />
      </Interval>
      <Interval GatewayCollectedTime="2024-10-31T19:00:00 -05:00" IntervalSequenceNumber="1730347200" BlockSequenceNumber="1738951200" EndTime="2024-10-31T20:00:00 -05:00">
        <Reading UOM="CCF" BlockEndValue="0" Value="0.6300" RawValue="63.0000" Channel="1" />
      </Interval>
      <Interval GatewayCollectedTime="2024-10-31T20:00:00 -05:00" IntervalSequenceNumber="1730347200" BlockSequenceNumber="1738951200" EndTime="2024-10-31T21:00:00 -05:00">
        <Reading UOM="CCF" BlockEndValue="0" Value="0.6300" RawValue="63.0000" Channel="1" />
      </Interval>
      <Interval GatewayCollectedTime="2024-10-31T21:00:00 -05:00" IntervalSequenceNumber="1730347200" BlockSequenceNumber="1738951200" EndTime="2024-10-31T22:00:00 -05:00">
        <Reading UOM="CCF" BlockEndValue="0" Value="0.6300" RawValue="63.0000" Channel="1" />
      </Interval>
      <Interval GatewayCollectedTime="2024-10-31T22:00:00 -05:00" IntervalSequenceNumber="1730347200" BlockSequenceNumber="1738951200" EndTime="2024-10-31T23:00:00 -05:00">
        <Reading UOM="CCF" BlockEndValue="0" Value="0.6300" RawValue="63.0000" Channel="1" />
      </Interval>
      <Interval GatewayCollectedTime="2024-10-31T23:00:00 -05:00" IntervalSequenceNumber="1730347200" BlockSequenceNumber="1738951200" EndTime="2024-11-01T00:00:00 -05:00">
        <Reading UOM="CCF" BlockEndValue="877.1200" Value="0.6300" RawValue="63.0000" Channel="1" />
      </Interval>
    </IntervalReadData>
  </MeterData>
  <MeterData UtilServicePointID="502680000000" UtilDeviceID="GM18000177" MacID="00:07:81:43:07:C4:16:84" MeterName="GM18000177" xmlns="urn:com:ssn:schema:export:v2.5:SSNExportFormat.xsd">
    <RegisterData NumberReads="1" EndTime="2024-11-01T00:00:00 -05:00" StartTime="2024-11-01T00:00:00 -05:00">
      <RegisterRead RegisterReadSource="REG_SRC_TYPE_EOB_SELF_READ" GatewayCollectedTime="2024-10-31T00:00:00 -05:00" ReadTime="2024-11-01T00:00:00 -05:00">
        <Tier Number="0">
          <Register SummationUOM="CCF" Summation="2826.1200" SummationRawValue="282612" Number="1010" />
        </Tier>
      </RegisterRead>
    </RegisterData>
    <IntervalReadData LpSetId="1" NumberIntervals="24" EndTime="2024-11-01T00:00:00 -05:00" StartTime="2024-10-31T00:00:00 -05:00" IntervalLength="60">
      <Interval GatewayCollectedTime="2024-10-31T00:00:00 -05:00" IntervalSequenceNumber="1730347200" BlockSequenceNumber="1738951200" EndTime="2024-10-31T01:00:00 -05:00">
        <Reading UOM="CCF" BlockEndValue="0" Value="0.6300" RawValue="63.0000" Channel="1" />
      </Interval>
      <Interval GatewayCollectedTime="2024-10-31T01:00:00 -05:00" IntervalSequenceNumber="1730347200" BlockSequenceNumber="1738951200" EndTime="2024-10-31T02:00:00 -05:00">
        <Reading UOM="CCF" BlockEndValue="0" Value="0.6300" RawValue="63.0000" Channel="1" />
      </Interval>
      <Interval GatewayCollectedTime="2024-10-31T02:00:00 -05:00" IntervalSequenceNumber="1730347200" BlockSequenceNumber="1738951200" EndTime="2024-10-31T03:00:00 -05:00">
        <Reading UOM="CCF" BlockEndValue="0" Value="0.6300" RawValue="63.0000" Channel="1" />
      </Interval>
      <Interval GatewayCollectedTime="2024-10-31T03:00:00 -05:00" IntervalSequenceNumber="1730347200" BlockSequenceNumber="1738951200" EndTime="2024-10-31T04:00:00 -05:00">
        <Reading UOM="CCF" BlockEndValue="0" Value="0.6300" RawValue="63.0000" Channel="1" />
      </Interval>
      <Interval GatewayCollectedTime="2024-10-31T04:00:00 -05:00" IntervalSequenceNumber="1730347200" BlockSequenceNumber="1738951200" EndTime="2024-10-31T05:00:00 -05:00">
        <Reading UOM="CCF" BlockEndValue="0" Value="0.6300" RawValue="63.0000" Channel="1" />
      </Interval>
      <Interval GatewayCollectedTime="2024-10-31T05:00:00 -05:00" IntervalSequenceNumber="1730347200" BlockSequenceNumber="1738951200" EndTime="2024-10-31T06:00:00 -05:00">
        <Reading UOM="CCF" BlockEndValue="0" Value="0.6300" RawValue="63.0000" Channel="1" />
      </Interval>
      <Interval GatewayCollectedTime="2024-10-31T06:00:00 -05:00" IntervalSequenceNumber="1730347200" BlockSequenceNumber="1738951200" EndTime="2024-10-31T07:00:00 -05:00">
        <Reading UOM="CCF" BlockEndValue="0" Value="0.6300" RawValue="63.0000" Channel="1" />
      </Interval>
      <Interval GatewayCollectedTime="2024-10-31T07:00:00 -05:00" IntervalSequenceNumber="1730347200" BlockSequenceNumber="1738951200" EndTime="2024-10-31T08:00:00 -05:00">
        <Reading UOM="CCF" BlockEndValue="0" Value="0.6300" RawValue="63.0000" Channel="1" />
      </Interval>
      <Interval GatewayCollectedTime="2024-10-31T08:00:00 -05:00" IntervalSequenceNumber="1730347200" BlockSequenceNumber="1738951200" EndTime="2024-10-31T09:00:00 -05:00">
        <Reading UOM="CCF" BlockEndValue="0" Value="0.6300" RawValue="63.0000" Channel="1" />
      </Interval>
      <Interval GatewayCollectedTime="2024-10-31T09:00:00 -05:00" IntervalSequenceNumber="1730347200" BlockSequenceNumber="1738951200" EndTime="2024-10-31T10:00:00 -05:00">
        <Reading UOM="CCF" BlockEndValue="0" Value="0.6300" RawValue="63.0000" Channel="1" />
      </Interval>
      <Interval GatewayCollectedTime="2024-10-31T10:00:00 -05:00" IntervalSequenceNumber="1730347200" BlockSequenceNumber="1738951200" EndTime="2024-10-31T11:00:00 -05:00">
        <Reading UOM="CCF" BlockEndValue="0" Value="0.6300" RawValue="63.0000" Channel="1" />
      </Interval>
      <Interval GatewayCollectedTime="2024-10-31T11:00:00 -05:00" IntervalSequenceNumber="1730347200" BlockSequenceNumber="1738951200" EndTime="2024-10-31T12:00:00 -05:00">
        <Reading UOM="CCF" BlockEndValue="0" Value="0.6300" RawValue="63.0000" Channel="1" />
      </Interval>
      <Interval GatewayCollectedTime="2024-10-31T12:00:00 -05:00" IntervalSequenceNumber="1730347200" BlockSequenceNumber="1738951200" EndTime="2024-10-31T13:00:00 -05:00">
        <Reading UOM="CCF" BlockEndValue="0" Value="0.6300" RawValue="63.0000" Channel="1" />
      </Interval>
      <Interval GatewayCollectedTime="2024-10-31T13:00:00 -05:00" IntervalSequenceNumber="1730347200" BlockSequenceNumber="1738951200" EndTime="2024-10-31T14:00:00 -05:00">
        <Reading UOM="CCF" BlockEndValue="0" Value="0.6300" RawValue="63.0000" Channel="1" />
      </Interval>
      <Interval GatewayCollectedTime="2024-10-31T14:00:00 -05:00" IntervalSequenceNumber="1730347200" BlockSequenceNumber="1738951200" EndTime="2024-10-31T15:00:00 -05:00">
        <Reading UOM="CCF" BlockEndValue="0" Value="0.6300" RawValue="63.0000" Channel="1" />
      </Interval>
      <Interval GatewayCollectedTime="2024-10-31T15:00:00 -05:00" IntervalSequenceNumber="1730347200" BlockSequenceNumber="1738951200" EndTime="2024-10-31T16:00:00 -05:00">
        <Reading UOM="CCF" BlockEndValue="0" Value="0.6300" RawValue="63.0000" Channel="1" />
      </Interval>
      <Interval GatewayCollectedTime="2024-10-31T16:00:00 -05:00" IntervalSequenceNumber="1730347200" BlockSequenceNumber="1738951200" EndTime="2024-10-31T17:00:00 -05:00">
        <Reading UOM="CCF" BlockEndValue="0" Value="0.6300" RawValue="63.0000" Channel="1" />
      </Interval>
      <Interval GatewayCollectedTime="2024-10-31T17:00:00 -05:00" IntervalSequenceNumber="1730347200" BlockSequenceNumber="1738951200" EndTime="2024-10-31T18:00:00 -05:00">
        <Reading UOM="CCF" BlockEndValue="0" Value="0.6300" RawValue="63.0000" Channel="1" />
      </Interval>
      <Interval GatewayCollectedTime="2024-10-31T18:00:00 -05:00" IntervalSequenceNumber="1730347200" BlockSequenceNumber="1738951200" EndTime="2024-10-31T19:00:00 -05:00">
        <Reading UOM="CCF" BlockEndValue="0" Value="0.6300" RawValue="63.0000" Channel="1" />
      </Interval>
      <Interval GatewayCollectedTime="2024-10-31T19:00:00 -05:00" IntervalSequenceNumber="1730347200" BlockSequenceNumber="1738951200" EndTime="2024-10-31T20:00:00 -05:00">
        <Reading UOM="CCF" BlockEndValue="0" Value="0.6300" RawValue="63.0000" Channel="1" />
      </Interval>
      <Interval GatewayCollectedTime="2024-10-31T20:00:00 -05:00" IntervalSequenceNumber="1730347200" BlockSequenceNumber="1738951200" EndTime="2024-10-31T21:00:00 -05:00">
        <Reading UOM="CCF" BlockEndValue="0" Value="0.6300" RawValue="63.0000" Channel="1" />
      </Interval>
      <Interval GatewayCollectedTime="2024-10-31T21:00:00 -05:00" IntervalSequenceNumber="1730347200" BlockSequenceNumber="1738951200" EndTime="2024-10-31T22:00:00 -05:00">
        <Reading UOM="CCF" BlockEndValue="0" Value="0.6300" RawValue="63.0000" Channel="1" />
      </Interval>
      <Interval GatewayCollectedTime="2024-10-31T22:00:00 -05:00" IntervalSequenceNumber="1730347200" BlockSequenceNumber="1738951200" EndTime="2024-10-31T23:00:00 -05:00">
        <Reading UOM="CCF" BlockEndValue="0" Value="0.6300" RawValue="63.0000" Channel="1" />
      </Interval>
      <Interval GatewayCollectedTime="2024-10-31T23:00:00 -05:00" IntervalSequenceNumber="1730347200" BlockSequenceNumber="1738951200" EndTime="2024-11-01T00:00:00 -05:00">
        <Reading UOM="CCF" BlockEndValue="2826.1200" Value="0.6300" RawValue="63.0000" Channel="1" />
      </Interval>
    </IntervalReadData>
  </MeterData>
  <MeterData UtilServicePointID="172191000000" UtilDeviceID="GM18000279" MacID="00:07:81:43:07:C3:11:82" MeterName="GM18000279" xmlns="urn:com:ssn:schema:export:v2.5:SSNExportFormat.xsd">
    <RegisterData NumberReads="1" EndTime="2024-11-01T00:00:00 -05:00" StartTime="2024-11-01T00:00:00 -05:00">
      <RegisterRead RegisterReadSource="REG_SRC_TYPE_EOB_SELF_READ" GatewayCollectedTime="2024-10-31T00:00:00 -05:00" ReadTime="2024-11-01T00:00:00 -05:00">
        <Tier Number="0">
          <Register SummationUOM="CCF" Summation="925.1200" SummationRawValue="92512" Number="1010" />
        </Tier>
      </RegisterRead>
    </RegisterData>
    <IntervalReadData LpSetId="1" NumberIntervals="24" EndTime="2024-11-01T00:00:00 -05:00" StartTime="2024-10-31T00:00:00 -05:00" IntervalLength="60">
      <Interval GatewayCollectedTime="2024-10-31T00:00:00 -05:00" IntervalSequenceNumber="1730347200" BlockSequenceNumber="1738951200" EndTime="2024-10-31T01:00:00 -05:00">
        <Reading UOM="CCF" BlockEndValue="0" Value="0.6300" RawValue="63.0000" Channel="1" />
      </Interval>
      <Interval GatewayCollectedTime="2024-10-31T01:00:00 -05:00" IntervalSequenceNumber="1730347200" BlockSequenceNumber="1738951200" EndTime="2024-10-31T02:00:00 -05:00">
        <Reading UOM="CCF" BlockEndValue="0" Value="0.6300" RawValue="63.0000" Channel="1" />
      </Interval>
      <Interval GatewayCollectedTime="2024-10-31T02:00:00 -05:00" IntervalSequenceNumber="1730347200" BlockSequenceNumber="1738951200" EndTime="2024-10-31T03:00:00 -05:00">
        <Reading UOM="CCF" BlockEndValue="0" Value="0.6300" RawValue="63.0000" Channel="1" />
      </Interval>
      <Interval GatewayCollectedTime="2024-10-31T03:00:00 -05:00" IntervalSequenceNumber="1730347200" BlockSequenceNumber="1738951200" EndTime="2024-10-31T04:00:00 -05:00">
        <Reading UOM="CCF" BlockEndValue="0" Value="0.6300" RawValue="63.0000" Channel="1" />
      </Interval>
      <Interval GatewayCollectedTime="2024-10-31T04:00:00 -05:00" IntervalSequenceNumber="1730347200" BlockSequenceNumber="1738951200" EndTime="2024-10-31T05:00:00 -05:00">
        <Reading UOM="CCF" BlockEndValue="0" Value="0.6300" RawValue="63.0000" Channel="1" />
      </Interval>
      <Interval GatewayCollectedTime="2024-10-31T05:00:00 -05:00" IntervalSequenceNumber="1730347200" BlockSequenceNumber="1738951200" EndTime="2024-10-31T06:00:00 -05:00">
        <Reading UOM="CCF" BlockEndValue="0" Value="0.6300" RawValue="63.0000" Channel="1" />
      </Interval>
      <Interval GatewayCollectedTime="2024-10-31T06:00:00 -05:00" IntervalSequenceNumber="1730347200" BlockSequenceNumber="1738951200" EndTime="2024-10-31T07:00:00 -05:00">
        <Reading UOM="CCF" BlockEndValue="0" Value="0.6300" RawValue="63.0000" Channel="1" />
      </Interval>
      <Interval GatewayCollectedTime="2024-10-31T07:00:00 -05:00" IntervalSequenceNumber="1730347200" BlockSequenceNumber="1738951200" EndTime="2024-10-31T08:00:00 -05:00">
        <Reading UOM="CCF" BlockEndValue="0" Value="0.6300" RawValue="63.0000" Channel="1" />
      </Interval>
      <Interval GatewayCollectedTime="2024-10-31T08:00:00 -05:00" IntervalSequenceNumber="1730347200" BlockSequenceNumber="1738951200" EndTime="2024-10-31T09:00:00 -05:00">
        <Reading UOM="CCF" BlockEndValue="0" Value="0.6300" RawValue="63.0000" Channel="1" />
      </Interval>
      <Interval GatewayCollectedTime="2024-10-31T09:00:00 -05:00" IntervalSequenceNumber="1730347200" BlockSequenceNumber="1738951200" EndTime="2024-10-31T10:00:00 -05:00">
        <Reading UOM="CCF" BlockEndValue="0" Value="0.6300" RawValue="63.0000" Channel="1" />
      </Interval>
      <Interval GatewayCollectedTime="2024-10-31T10:00:00 -05:00" IntervalSequenceNumber="1730347200" BlockSequenceNumber="1738951200" EndTime="2024-10-31T11:00:00 -05:00">
        <Reading UOM="CCF" BlockEndValue="0" Value="0.6300" RawValue="63.0000" Channel="1" />
      </Interval>
      <Interval GatewayCollectedTime="2024-10-31T11:00:00 -05:00" IntervalSequenceNumber="1730347200" BlockSequenceNumber="1738951200" EndTime="2024-10-31T12:00:00 -05:00">
        <Reading UOM="CCF" BlockEndValue="0" Value="0.6300" RawValue="63.0000" Channel="1" />
      </Interval>
      <Interval GatewayCollectedTime="2024-10-31T12:00:00 -05:00" IntervalSequenceNumber="1730347200" BlockSequenceNumber="1738951200" EndTime="2024-10-31T13:00:00 -05:00">
        <Reading UOM="CCF" BlockEndValue="0" Value="0.6300" RawValue="63.0000" Channel="1" />
      </Interval>
      <Interval GatewayCollectedTime="2024-10-31T13:00:00 -05:00" IntervalSequenceNumber="1730347200" BlockSequenceNumber="1738951200" EndTime="2024-10-31T14:00:00 -05:00">
        <Reading UOM="CCF" BlockEndValue="0" Value="0.6300" RawValue="63.0000" Channel="1" />
      </Interval>
      <Interval GatewayCollectedTime="2024-10-31T14:00:00 -05:00" IntervalSequenceNumber="1730347200" BlockSequenceNumber="1738951200" EndTime="2024-10-31T15:00:00 -05:00">
        <Reading UOM="CCF" BlockEndValue="0" Value="0.6300" RawValue="63.0000" Channel="1" />
      </Interval>
      <Interval GatewayCollectedTime="2024-10-31T15:00:00 -05:00" IntervalSequenceNumber="1730347200" BlockSequenceNumber="1738951200" EndTime="2024-10-31T16:00:00 -05:00">
        <Reading UOM="CCF" BlockEndValue="0" Value="0.6300" RawValue="63.0000" Channel="1" />
      </Interval>
      <Interval GatewayCollectedTime="2024-10-31T16:00:00 -05:00" IntervalSequenceNumber="1730347200" BlockSequenceNumber="1738951200" EndTime="2024-10-31T17:00:00 -05:00">
        <Reading UOM="CCF" BlockEndValue="0" Value="0.6300" RawValue="63.0000" Channel="1" />
      </Interval>
      <Interval GatewayCollectedTime="2024-10-31T17:00:00 -05:00" IntervalSequenceNumber="1730347200" BlockSequenceNumber="1738951200" EndTime="2024-10-31T18:00:00 -05:00">
        <Reading UOM="CCF" BlockEndValue="0" Value="0.6300" RawValue="63.0000" Channel="1" />
      </Interval>
      <Interval GatewayCollectedTime="2024-10-31T18:00:00 -05:00" IntervalSequenceNumber="1730347200" BlockSequenceNumber="1738951200" EndTime="2024-10-31T19:00:00 -05:00">
        <Reading UOM="CCF" BlockEndValue="0" Value="0.6300" RawValue="63.0000" Channel="1" />
      </Interval>
      <Interval GatewayCollectedTime="2024-10-31T19:00:00 -05:00" IntervalSequenceNumber="1730347200" BlockSequenceNumber="1738951200" EndTime="2024-10-31T20:00:00 -05:00">
        <Reading UOM="CCF" BlockEndValue="0" Value="0.6300" RawValue="63.0000" Channel="1" />
      </Interval>
      <Interval GatewayCollectedTime="2024-10-31T20:00:00 -05:00" IntervalSequenceNumber="1730347200" BlockSequenceNumber="1738951200" EndTime="2024-10-31T21:00:00 -05:00">
        <Reading UOM="CCF" BlockEndValue="0" Value="0.6300" RawValue="63.0000" Channel="1" />
      </Interval>
      <Interval GatewayCollectedTime="2024-10-31T21:00:00 -05:00" IntervalSequenceNumber="1730347200" BlockSequenceNumber="1738951200" EndTime="2024-10-31T22:00:00 -05:00">
        <Reading UOM="CCF" BlockEndValue="0" Value="0.6300" RawValue="63.0000" Channel="1" />
      </Interval>
      <Interval GatewayCollectedTime="2024-10-31T22:00:00 -05:00" IntervalSequenceNumber="1730347200" BlockSequenceNumber="1738951200" EndTime="2024-10-31T23:00:00 -05:00">
        <Reading UOM="CCF" BlockEndValue="0" Value="0.6300" RawValue="63.0000" Channel="1" />
      </Interval>
      <Interval GatewayCollectedTime="2024-10-31T23:00:00 -05:00" IntervalSequenceNumber="1730347200" BlockSequenceNumber="1738951200" EndTime="2024-11-01T00:00:00 -05:00">
        <Reading UOM="CCF" BlockEndValue="925.1200" Value="0.6300" RawValue="63.0000" Channel="1" />
      </Interval>
    </IntervalReadData>
  </MeterData>
  <MeterData UtilServicePointID="192291000000" UtilDeviceID="GM18000299" MacID="00:07:81:43:07:C3:6F:DF" MeterName="GM18000299" xmlns="urn:com:ssn:schema:export:v2.5:SSNExportFormat.xsd">
    <RegisterData NumberReads="1" EndTime="2024-11-01T00:00:00 -05:00" StartTime="2024-11-01T00:00:00 -05:00">
      <RegisterRead RegisterReadSource="REG_SRC_TYPE_EOB_SELF_READ" GatewayCollectedTime="2024-10-31T00:00:00 -05:00" ReadTime="2024-11-01T00:00:00 -05:00">
        <Tier Number="0">
          <Register SummationUOM="CCF" Summation="1206.1200" SummationRawValue="120612" Number="1010" />
        </Tier>
      </RegisterRead>
    </RegisterData>
    <IntervalReadData LpSetId="1" NumberIntervals="24" EndTime="2024-11-01T00:00:00 -05:00" StartTime="2024-10-31T00:00:00 -05:00" IntervalLength="60">
      <Interval GatewayCollectedTime="2024-10-31T00:00:00 -05:00" IntervalSequenceNumber="1730347200" BlockSequenceNumber="1738951200" EndTime="2024-10-31T01:00:00 -05:00">
        <Reading UOM="CCF" BlockEndValue="0" Value="0.6300" RawValue="63.0000" Channel="1" />
      </Interval>
      <Interval GatewayCollectedTime="2024-10-31T01:00:00 -05:00" IntervalSequenceNumber="1730347200" BlockSequenceNumber="1738951200" EndTime="2024-10-31T02:00:00 -05:00">
        <Reading UOM="CCF" BlockEndValue="0" Value="0.6300" RawValue="63.0000" Channel="1" />
      </Interval>
      <Interval GatewayCollectedTime="2024-10-31T02:00:00 -05:00" IntervalSequenceNumber="1730347200" BlockSequenceNumber="1738951200" EndTime="2024-10-31T03:00:00 -05:00">
        <Reading UOM="CCF" BlockEndValue="0" Value="0.6300" RawValue="63.0000" Channel="1" />
      </Interval>
      <Interval GatewayCollectedTime="2024-10-31T03:00:00 -05:00" IntervalSequenceNumber="1730347200" BlockSequenceNumber="1738951200" EndTime="2024-10-31T04:00:00 -05:00">
        <Reading UOM="CCF" BlockEndValue="0" Value="0.6300" RawValue="63.0000" Channel="1" />
      </Interval>
      <Interval GatewayCollectedTime="2024-10-31T04:00:00 -05:00" IntervalSequenceNumber="1730347200" BlockSequenceNumber="1738951200" EndTime="2024-10-31T05:00:00 -05:00">
        <Reading UOM="CCF" BlockEndValue="0" Value="0.6300" RawValue="63.0000" Channel="1" />
      </Interval>
      <Interval GatewayCollectedTime="2024-10-31T05:00:00 -05:00" IntervalSequenceNumber="1730347200" BlockSequenceNumber="1738951200" EndTime="2024-10-31T06:00:00 -05:00">
        <Reading UOM="CCF" BlockEndValue="0" Value="0.6300" RawValue="63.0000" Channel="1" />
      </Interval>
      <Interval GatewayCollectedTime="2024-10-31T06:00:00 -05:00" IntervalSequenceNumber="1730347200" BlockSequenceNumber="1738951200" EndTime="2024-10-31T07:00:00 -05:00">
        <Reading UOM="CCF" BlockEndValue="0" Value="0.6300" RawValue="63.0000" Channel="1" />
      </Interval>
      <Interval GatewayCollectedTime="2024-10-31T07:00:00 -05:00" IntervalSequenceNumber="1730347200" BlockSequenceNumber="1738951200" EndTime="2024-10-31T08:00:00 -05:00">
        <Reading UOM="CCF" BlockEndValue="0" Value="0.6300" RawValue="63.0000" Channel="1" />
      </Interval>
      <Interval GatewayCollectedTime="2024-10-31T08:00:00 -05:00" IntervalSequenceNumber="1730347200" BlockSequenceNumber="1738951200" EndTime="2024-10-31T09:00:00 -05:00">
        <Reading UOM="CCF" BlockEndValue="0" Value="0.6300" RawValue="63.0000" Channel="1" />
      </Interval>
      <Interval GatewayCollectedTime="2024-10-31T09:00:00 -05:00" IntervalSequenceNumber="1730347200" BlockSequenceNumber="1738951200" EndTime="2024-10-31T10:00:00 -05:00">
        <Reading UOM="CCF" BlockEndValue="0" Value="0.6300" RawValue="63.0000" Channel="1" />
      </Interval>
      <Interval GatewayCollectedTime="2024-10-31T10:00:00 -05:00" IntervalSequenceNumber="1730347200" BlockSequenceNumber="1738951200" EndTime="2024-10-31T11:00:00 -05:00">
        <Reading UOM="CCF" BlockEndValue="0" Value="0.6300" RawValue="63.0000" Channel="1" />
      </Interval>
      <Interval GatewayCollectedTime="2024-10-31T11:00:00 -05:00" IntervalSequenceNumber="1730347200" BlockSequenceNumber="1738951200" EndTime="2024-10-31T12:00:00 -05:00">
        <Reading UOM="CCF" BlockEndValue="0" Value="0.6300" RawValue="63.0000" Channel="1" />
      </Interval>
      <Interval GatewayCollectedTime="2024-10-31T12:00:00 -05:00" IntervalSequenceNumber="1730347200" BlockSequenceNumber="1738951200" EndTime="2024-10-31T13:00:00 -05:00">
        <Reading UOM="CCF" BlockEndValue="0" Value="0.6300" RawValue="63.0000" Channel="1" />
      </Interval>
      <Interval GatewayCollectedTime="2024-10-31T13:00:00 -05:00" IntervalSequenceNumber="1730347200" BlockSequenceNumber="1738951200" EndTime="2024-10-31T14:00:00 -05:00">
        <Reading UOM="CCF" BlockEndValue="0" Value="0.6300" RawValue="63.0000" Channel="1" />
      </Interval>
      <Interval GatewayCollectedTime="2024-10-31T14:00:00 -05:00" IntervalSequenceNumber="1730347200" BlockSequenceNumber="1738951200" EndTime="2024-10-31T15:00:00 -05:00">
        <Reading UOM="CCF" BlockEndValue="0" Value="0.6300" RawValue="63.0000" Channel="1" />
      </Interval>
      <Interval GatewayCollectedTime="2024-10-31T15:00:00 -05:00" IntervalSequenceNumber="1730347200" BlockSequenceNumber="1738951200" EndTime="2024-10-31T16:00:00 -05:00">
        <Reading UOM="CCF" BlockEndValue="0" Value="0.6300" RawValue="63.0000" Channel="1" />
      </Interval>
      <Interval GatewayCollectedTime="2024-10-31T16:00:00 -05:00" IntervalSequenceNumber="1730347200" BlockSequenceNumber="1738951200" EndTime="2024-10-31T17:00:00 -05:00">
        <Reading UOM="CCF" BlockEndValue="0" Value="0.6300" RawValue="63.0000" Channel="1" />
      </Interval>
      <Interval GatewayCollectedTime="2024-10-31T17:00:00 -05:00" IntervalSequenceNumber="1730347200" BlockSequenceNumber="1738951200" EndTime="2024-10-31T18:00:00 -05:00">
        <Reading UOM="CCF" BlockEndValue="0" Value="0.6300" RawValue="63.0000" Channel="1" />
      </Interval>
      <Interval GatewayCollectedTime="2024-10-31T18:00:00 -05:00" IntervalSequenceNumber="1730347200" BlockSequenceNumber="1738951200" EndTime="2024-10-31T19:00:00 -05:00">
        <Reading UOM="CCF" BlockEndValue="0" Value="0.6300" RawValue="63.0000" Channel="1" />
      </Interval>
      <Interval GatewayCollectedTime="2024-10-31T19:00:00 -05:00" IntervalSequenceNumber="1730347200" BlockSequenceNumber="1738951200" EndTime="2024-10-31T20:00:00 -05:00">
        <Reading UOM="CCF" BlockEndValue="0" Value="0.6300" RawValue="63.0000" Channel="1" />
      </Interval>
      <Interval GatewayCollectedTime="2024-10-31T20:00:00 -05:00" IntervalSequenceNumber="1730347200" BlockSequenceNumber="1738951200" EndTime="2024-10-31T21:00:00 -05:00">
        <Reading UOM="CCF" BlockEndValue="0" Value="0.6300" RawValue="63.0000" Channel="1" />
      </Interval>
      <Interval GatewayCollectedTime="2024-10-31T21:00:00 -05:00" IntervalSequenceNumber="1730347200" BlockSequenceNumber="1738951200" EndTime="2024-10-31T22:00:00 -05:00">
        <Reading UOM="CCF" BlockEndValue="0" Value="0.6300" RawValue="63.0000" Channel="1" />
      </Interval>
      <Interval GatewayCollectedTime="2024-10-31T22:00:00 -05:00" IntervalSequenceNumber="1730347200" BlockSequenceNumber="1738951200" EndTime="2024-10-31T23:00:00 -05:00">
        <Reading UOM="CCF" BlockEndValue="0" Value="0.6300" RawValue="63.0000" Channel="1" />
      </Interval>
      <Interval GatewayCollectedTime="2024-10-31T23:00:00 -05:00" IntervalSequenceNumber="1730347200" BlockSequenceNumber="1738951200" EndTime="2024-11-01T00:00:00 -05:00">
        <Reading UOM="CCF" BlockEndValue="1206.1200" Value="0.6300" RawValue="63.0000" Channel="1" />
      </Interval>
    </IntervalReadData>
  </MeterData>
</SSNExportDocument>