﻿<?xml version="1.0" encoding="utf-8"?>
<SSNExportDocument Version="2.5" DocumentID="546a316d-0226-408e-a55a-cc7ffca00ad3-1" JobID="538" ExportID="546a316d-0226-408e-a55a-cc7ffca00ad3" RunID="538" CreationTime="2025-02-26 00:00:00.000-05:00" StartTime="2025-02-26 00:00:00.000-05:00" EndTime="2025-02-27 00:00:00.000-05:00" xmlns="urn:com:ssn:schema:export:v2.5:SSNExportFormat.xsd">
  <MeterData UtilServicePointID="287211000000" UtilDeviceID="GM18000059" MacID="00:07:81:43:07:CB:AC:18" MeterName="GM18000059" xmlns="urn:com:ssn:schema:export:v2.5:SSNExportFormat.xsd">
    <RegisterData NumberReads="1" EndTime="2025-02-27 00:00:00.000-05:00" StartTime="2025-02-27 00:00:00.000-05:00">
      <RegisterRead RegisterReadSource="REG_SRC_TYPE_EOB_SELF_READ" GatewayCollectedTime="2025-02-26 00:00:00.000-05:00" ReadTime="2025-02-27 00:00:00.000-05:00">
        <Tier Number="0">
          <Register SummationUOM="CCF" Summation="119.5200" SummationRawValue="11952" Number="1010" />
        </Tier>
      </RegisterRead>
    </RegisterData>
    <IntervalReadData LpSetId="1" NumberIntervals="24" EndTime="2025-02-27 00:00:00.000-05:00" StartTime="2025-02-26 00:00:00.000-05:00" IntervalLength="60">
      <Interval GatewayCollectedTime="2025-02-26 00:00:00.000-05:00" IntervalSequenceNumber="1740546000" BlockSequenceNumber="1738951200" EndTime="2025-02-26 01:00:00.000-05:00">
        <Reading UOM="CCF" BlockEndValue="0" Value="0.7300" RawValue="73.0000" Channel="1" />
      </Interval>
      <Interval GatewayCollectedTime="2025-02-26 01:00:00.000-05:00" IntervalSequenceNumber="1740546000" BlockSequenceNumber="1738951200" EndTime="2025-02-26 02:00:00.000-05:00">
        <Reading UOM="CCF" BlockEndValue="0" Value="0.7300" RawValue="73.0000" Channel="1" />
      </Interval>
      <Interval GatewayCollectedTime="2025-02-26 02:00:00.000-05:00" IntervalSequenceNumber="1740546000" BlockSequenceNumber="1738951200" EndTime="2025-02-26 03:00:00.000-05:00">
        <Reading UOM="CCF" BlockEndValue="0" Value="0.7300" RawValue="73.0000" Channel="1" />
      </Interval>
      <Interval GatewayCollectedTime="2025-02-26 03:00:00.000-05:00" IntervalSequenceNumber="1740546000" BlockSequenceNumber="1738951200" EndTime="2025-02-26 04:00:00.000-05:00">
        <Reading UOM="CCF" BlockEndValue="0" Value="0.7300" RawValue="73.0000" Channel="1" />
      </Interval>
      <Interval GatewayCollectedTime="2025-02-26 04:00:00.000-05:00" IntervalSequenceNumber="1740546000" BlockSequenceNumber="1738951200" EndTime="2025-02-26 05:00:00.000-05:00">
        <Reading UOM="CCF" BlockEndValue="0" Value="0.7300" RawValue="73.0000" Channel="1" />
      </Interval>
      <Interval GatewayCollectedTime="2025-02-26 05:00:00.000-05:00" IntervalSequenceNumber="1740546000" BlockSequenceNumber="1738951200" EndTime="2025-02-26 06:00:00.000-05:00">
        <Reading UOM="CCF" BlockEndValue="0" Value="0.7300" RawValue="73.0000" Channel="1" />
      </Interval>
      <Interval GatewayCollectedTime="2025-02-26 06:00:00.000-05:00" IntervalSequenceNumber="1740546000" BlockSequenceNumber="1738951200" EndTime="2025-02-26 07:00:00.000-05:00">
        <Reading UOM="CCF" BlockEndValue="0" Value="0.7300" RawValue="73.0000" Channel="1" />
      </Interval>
      <Interval GatewayCollectedTime="2025-02-26 07:00:00.000-05:00" IntervalSequenceNumber="1740546000" BlockSequenceNumber="1738951200" EndTime="2025-02-26 08:00:00.000-05:00">
        <Reading UOM="CCF" BlockEndValue="0" Value="0.7300" RawValue="73.0000" Channel="1" />
      </Interval>
      <Interval GatewayCollectedTime="2025-02-26 08:00:00.000-05:00" IntervalSequenceNumber="1740546000" BlockSequenceNumber="1738951200" EndTime="2025-02-26 09:00:00.000-05:00">
        <Reading UOM="CCF" BlockEndValue="0" Value="0.7300" RawValue="73.0000" Channel="1" />
      </Interval>
      <Interval GatewayCollectedTime="2025-02-26 09:00:00.000-05:00" IntervalSequenceNumber="1740546000" BlockSequenceNumber="1738951200" EndTime="2025-02-26 10:00:00.000-05:00">
        <Reading UOM="CCF" BlockEndValue="0" Value="0.7300" RawValue="73.0000" Channel="1" />
      </Interval>
      <Interval GatewayCollectedTime="2025-02-26 10:00:00.000-05:00" IntervalSequenceNumber="1740546000" BlockSequenceNumber="1738951200" EndTime="2025-02-26 11:00:00.000-05:00">
        <Reading UOM="CCF" BlockEndValue="0" Value="0.7300" RawValue="73.0000" Channel="1" />
      </Interval>
      <Interval GatewayCollectedTime="2025-02-26 11:00:00.000-05:00" IntervalSequenceNumber="1740546000" BlockSequenceNumber="1738951200" EndTime="2025-02-26 12:00:00.000-05:00">
        <Reading UOM="CCF" BlockEndValue="0" Value="0.7300" RawValue="73.0000" Channel="1" />
      </Interval>
      <Interval GatewayCollectedTime="2025-02-26 12:00:00.000-05:00" IntervalSequenceNumber="1740546000" BlockSequenceNumber="1738951200" EndTime="2025-02-26 13:00:00.000-05:00">
        <Reading UOM="CCF" BlockEndValue="0" Value="0.7300" RawValue="73.0000" Channel="1" />
      </Interval>
      <Interval GatewayCollectedTime="2025-02-26 13:00:00.000-05:00" IntervalSequenceNumber="1740546000" BlockSequenceNumber="1738951200" EndTime="2025-02-26 14:00:00.000-05:00">
        <Reading UOM="CCF" BlockEndValue="0" Value="0.7300" RawValue="73.0000" Channel="1" />
      </Interval>
      <Interval GatewayCollectedTime="2025-02-26 14:00:00.000-05:00" IntervalSequenceNumber="1740546000" BlockSequenceNumber="1738951200" EndTime="2025-02-26 15:00:00.000-05:00">
        <Reading UOM="CCF" BlockEndValue="0" Value="0.7300" RawValue="73.0000" Channel="1" />
      </Interval>
      <Interval GatewayCollectedTime="2025-02-26 15:00:00.000-05:00" IntervalSequenceNumber="1740546000" BlockSequenceNumber="1738951200" EndTime="2025-02-26 16:00:00.000-05:00">
        <Reading UOM="CCF" BlockEndValue="0" Value="0.7300" RawValue="73.0000" Channel="1" />
      </Interval>
      <Interval GatewayCollectedTime="2025-02-26 16:00:00.000-05:00" IntervalSequenceNumber="1740546000" BlockSequenceNumber="1738951200" EndTime="2025-02-26 17:00:00.000-05:00">
        <Reading UOM="CCF" BlockEndValue="0" Value="0.7300" RawValue="73.0000" Channel="1" />
      </Interval>
      <Interval GatewayCollectedTime="2025-02-26 17:00:00.000-05:00" IntervalSequenceNumber="1740546000" BlockSequenceNumber="1738951200" EndTime="2025-02-26 18:00:00.000-05:00">
        <Reading UOM="CCF" BlockEndValue="0" Value="0.7300" RawValue="73.0000" Channel="1" />
      </Interval>
      <Interval GatewayCollectedTime="2025-02-26 18:00:00.000-05:00" IntervalSequenceNumber="1740546000" BlockSequenceNumber="1738951200" EndTime="2025-02-26 19:00:00.000-05:00">
        <Reading UOM="CCF" BlockEndValue="0" Value="0.7300" RawValue="73.0000" Channel="1" />
      </Interval>
      <Interval GatewayCollectedTime="2025-02-26 19:00:00.000-05:00" IntervalSequenceNumber="1740546000" BlockSequenceNumber="1738951200" EndTime="2025-02-26 20:00:00.000-05:00">
        <Reading UOM="CCF" BlockEndValue="0" Value="0.7300" RawValue="73.0000" Channel="1" />
      </Interval>
      <Interval GatewayCollectedTime="2025-02-26 20:00:00.000-05:00" IntervalSequenceNumber="1740546000" BlockSequenceNumber="1738951200" EndTime="2025-02-26 21:00:00.000-05:00">
        <Reading UOM="CCF" BlockEndValue="0" Value="0.7300" RawValue="73.0000" Channel="1" />
      </Interval>
      <Interval GatewayCollectedTime="2025-02-26 21:00:00.000-05:00" IntervalSequenceNumber="1740546000" BlockSequenceNumber="1738951200" EndTime="2025-02-26 22:00:00.000-05:00">
        <Reading UOM="CCF" BlockEndValue="0" Value="0.7300" RawValue="73.0000" Channel="1" />
      </Interval>
      <Interval GatewayCollectedTime="2025-02-26 22:00:00.000-05:00" IntervalSequenceNumber="1740546000" BlockSequenceNumber="1738951200" EndTime="2025-02-26 23:00:00.000-05:00">
        <Reading UOM="CCF" BlockEndValue="0" Value="0.7300" RawValue="73.0000" Channel="1" />
      </Interval>
      <Interval GatewayCollectedTime="2025-02-26 23:00:00.000-05:00" IntervalSequenceNumber="1740546000" BlockSequenceNumber="1738951200" EndTime="2025-02-27 00:00:00.000-05:00">
        <Reading UOM="CCF" BlockEndValue="119.5200" Value="0.7300" RawValue="73.0000" Channel="1" />
      </Interval>
    </IntervalReadData>
  </MeterData>
  <MeterData UtilServicePointID="878571000000" UtilDeviceID="GM18000172" MacID="00:07:81:43:07:D8:9E:B4" MeterName="GM18000172" xmlns="urn:com:ssn:schema:export:v2.5:SSNExportFormat.xsd">
    <RegisterData NumberReads="1" EndTime="2025-02-27 00:00:00.000-05:00" StartTime="2025-02-27 00:00:00.000-05:00">
      <RegisterRead RegisterReadSource="REG_SRC_TYPE_EOB_SELF_READ" GatewayCollectedTime="2025-02-26 00:00:00.000-05:00" ReadTime="2025-02-27 00:00:00.000-05:00">
        <Tier Number="0">
          <Register SummationUOM="CCF" Summation="2485.5200" SummationRawValue="248552" Number="1010" />
        </Tier>
      </RegisterRead>
    </RegisterData>
    <IntervalReadData LpSetId="1" NumberIntervals="24" EndTime="2025-02-27 00:00:00.000-05:00" StartTime="2025-02-26 00:00:00.000-05:00" IntervalLength="60">
      <Interval GatewayCollectedTime="2025-02-26 00:00:00.000-05:00" IntervalSequenceNumber="1740546000" BlockSequenceNumber="1738951200" EndTime="2025-02-26 01:00:00.000-05:00">
        <Reading UOM="CCF" BlockEndValue="0" Value="0.7300" RawValue="73.0000" Channel="1" />
      </Interval>
      <Interval GatewayCollectedTime="2025-02-26 01:00:00.000-05:00" IntervalSequenceNumber="1740546000" BlockSequenceNumber="1738951200" EndTime="2025-02-26 02:00:00.000-05:00">
        <Reading UOM="CCF" BlockEndValue="0" Value="0.7300" RawValue="73.0000" Channel="1" />
      </Interval>
      <Interval GatewayCollectedTime="2025-02-26 02:00:00.000-05:00" IntervalSequenceNumber="1740546000" BlockSequenceNumber="1738951200" EndTime="2025-02-26 03:00:00.000-05:00">
        <Reading UOM="CCF" BlockEndValue="0" Value="0.7300" RawValue="73.0000" Channel="1" />
      </Interval>
      <Interval GatewayCollectedTime="2025-02-26 03:00:00.000-05:00" IntervalSequenceNumber="1740546000" BlockSequenceNumber="1738951200" EndTime="2025-02-26 04:00:00.000-05:00">
        <Reading UOM="CCF" BlockEndValue="0" Value="0.7300" RawValue="73.0000" Channel="1" />
      </Interval>
      <Interval GatewayCollectedTime="2025-02-26 04:00:00.000-05:00" IntervalSequenceNumber="1740546000" BlockSequenceNumber="1738951200" EndTime="2025-02-26 05:00:00.000-05:00">
        <Reading UOM="CCF" BlockEndValue="0" Value="0.7300" RawValue="73.0000" Channel="1" />
      </Interval>
      <Interval GatewayCollectedTime="2025-02-26 05:00:00.000-05:00" IntervalSequenceNumber="1740546000" BlockSequenceNumber="1738951200" EndTime="2025-02-26 06:00:00.000-05:00">
        <Reading UOM="CCF" BlockEndValue="0" Value="0.7300" RawValue="73.0000" Channel="1" />
      </Interval>
      <Interval GatewayCollectedTime="2025-02-26 06:00:00.000-05:00" IntervalSequenceNumber="1740546000" BlockSequenceNumber="1738951200" EndTime="2025-02-26 07:00:00.000-05:00">
        <Reading UOM="CCF" BlockEndValue="0" Value="0.7300" RawValue="73.0000" Channel="1" />
      </Interval>
      <Interval GatewayCollectedTime="2025-02-26 07:00:00.000-05:00" IntervalSequenceNumber="1740546000" BlockSequenceNumber="1738951200" EndTime="2025-02-26 08:00:00.000-05:00">
        <Reading UOM="CCF" BlockEndValue="0" Value="0.7300" RawValue="73.0000" Channel="1" />
      </Interval>
      <Interval GatewayCollectedTime="2025-02-26 08:00:00.000-05:00" IntervalSequenceNumber="1740546000" BlockSequenceNumber="1738951200" EndTime="2025-02-26 09:00:00.000-05:00">
        <Reading UOM="CCF" BlockEndValue="0" Value="0.7300" RawValue="73.0000" Channel="1" />
      </Interval>
      <Interval GatewayCollectedTime="2025-02-26 09:00:00.000-05:00" IntervalSequenceNumber="1740546000" BlockSequenceNumber="1738951200" EndTime="2025-02-26 10:00:00.000-05:00">
        <Reading UOM="CCF" BlockEndValue="0" Value="0.7300" RawValue="73.0000" Channel="1" />
      </Interval>
      <Interval GatewayCollectedTime="2025-02-26 10:00:00.000-05:00" IntervalSequenceNumber="1740546000" BlockSequenceNumber="1738951200" EndTime="2025-02-26 11:00:00.000-05:00">
        <Reading UOM="CCF" BlockEndValue="0" Value="0.7300" RawValue="73.0000" Channel="1" />
      </Interval>
      <Interval GatewayCollectedTime="2025-02-26 11:00:00.000-05:00" IntervalSequenceNumber="1740546000" BlockSequenceNumber="1738951200" EndTime="2025-02-26 12:00:00.000-05:00">
        <Reading UOM="CCF" BlockEndValue="0" Value="0.7300" RawValue="73.0000" Channel="1" />
      </Interval>
      <Interval GatewayCollectedTime="2025-02-26 12:00:00.000-05:00" IntervalSequenceNumber="1740546000" BlockSequenceNumber="1738951200" EndTime="2025-02-26 13:00:00.000-05:00">
        <Reading UOM="CCF" BlockEndValue="0" Value="0.7300" RawValue="73.0000" Channel="1" />
      </Interval>
      <Interval GatewayCollectedTime="2025-02-26 13:00:00.000-05:00" IntervalSequenceNumber="1740546000" BlockSequenceNumber="1738951200" EndTime="2025-02-26 14:00:00.000-05:00">
        <Reading UOM="CCF" BlockEndValue="0" Value="0.7300" RawValue="73.0000" Channel="1" />
      </Interval>
      <Interval GatewayCollectedTime="2025-02-26 14:00:00.000-05:00" IntervalSequenceNumber="1740546000" BlockSequenceNumber="1738951200" EndTime="2025-02-26 15:00:00.000-05:00">
        <Reading UOM="CCF" BlockEndValue="0" Value="0.7300" RawValue="73.0000" Channel="1" />
      </Interval>
      <Interval GatewayCollectedTime="2025-02-26 15:00:00.000-05:00" IntervalSequenceNumber="1740546000" BlockSequenceNumber="1738951200" EndTime="2025-02-26 16:00:00.000-05:00">
        <Reading UOM="CCF" BlockEndValue="0" Value="0.7300" RawValue="73.0000" Channel="1" />
      </Interval>
      <Interval GatewayCollectedTime="2025-02-26 16:00:00.000-05:00" IntervalSequenceNumber="1740546000" BlockSequenceNumber="1738951200" EndTime="2025-02-26 17:00:00.000-05:00">
        <Reading UOM="CCF" BlockEndValue="0" Value="0.7300" RawValue="73.0000" Channel="1" />
      </Interval>
      <Interval GatewayCollectedTime="2025-02-26 17:00:00.000-05:00" IntervalSequenceNumber="1740546000" BlockSequenceNumber="1738951200" EndTime="2025-02-26 18:00:00.000-05:00">
        <Reading UOM="CCF" BlockEndValue="0" Value="0.7300" RawValue="73.0000" Channel="1" />
      </Interval>
      <Interval GatewayCollectedTime="2025-02-26 18:00:00.000-05:00" IntervalSequenceNumber="1740546000" BlockSequenceNumber="1738951200" EndTime="2025-02-26 19:00:00.000-05:00">
        <Reading UOM="CCF" BlockEndValue="0" Value="0.7300" RawValue="73.0000" Channel="1" />
      </Interval>
      <Interval GatewayCollectedTime="2025-02-26 19:00:00.000-05:00" IntervalSequenceNumber="1740546000" BlockSequenceNumber="1738951200" EndTime="2025-02-26 20:00:00.000-05:00">
        <Reading UOM="CCF" BlockEndValue="0" Value="0.7300" RawValue="73.0000" Channel="1" />
      </Interval>
      <Interval GatewayCollectedTime="2025-02-26 20:00:00.000-05:00" IntervalSequenceNumber="1740546000" BlockSequenceNumber="1738951200" EndTime="2025-02-26 21:00:00.000-05:00">
        <Reading UOM="CCF" BlockEndValue="0" Value="0.7300" RawValue="73.0000" Channel="1" />
      </Interval>
      <Interval GatewayCollectedTime="2025-02-26 21:00:00.000-05:00" IntervalSequenceNumber="1740546000" BlockSequenceNumber="1738951200" EndTime="2025-02-26 22:00:00.000-05:00">
        <Reading UOM="CCF" BlockEndValue="0" Value="0.7300" RawValue="73.0000" Channel="1" />
      </Interval>
      <Interval GatewayCollectedTime="2025-02-26 22:00:00.000-05:00" IntervalSequenceNumber="1740546000" BlockSequenceNumber="1738951200" EndTime="2025-02-26 23:00:00.000-05:00">
        <Reading UOM="CCF" BlockEndValue="0" Value="0.7300" RawValue="73.0000" Channel="1" />
      </Interval>
      <Interval GatewayCollectedTime="2025-02-26 23:00:00.000-05:00" IntervalSequenceNumber="1740546000" BlockSequenceNumber="1738951200" EndTime="2025-02-27 00:00:00.000-05:00">
        <Reading UOM="CCF" BlockEndValue="2485.5200" Value="0.7300" RawValue="73.0000" Channel="1" />
      </Interval>
    </IntervalReadData>
  </MeterData>
  <MeterData UtilServicePointID="756250000000" UtilDeviceID="GM18000413" MacID="00:07:81:43:07:CB:AE:DE" MeterName="GM18000413" xmlns="urn:com:ssn:schema:export:v2.5:SSNExportFormat.xsd">
    <RegisterData NumberReads="1" EndTime="2025-02-27 00:00:00.000-05:00" StartTime="2025-02-27 00:00:00.000-05:00">
      <RegisterRead RegisterReadSource="REG_SRC_TYPE_EOB_SELF_READ" GatewayCollectedTime="2025-02-26 00:00:00.000-05:00" ReadTime="2025-02-27 00:00:00.000-05:00">
        <Tier Number="0">
          <Register SummationUOM="CCF" Summation="1392.5200" SummationRawValue="139252" Number="1010" />
        </Tier>
      </RegisterRead>
    </RegisterData>
    <IntervalReadData LpSetId="1" NumberIntervals="24" EndTime="2025-02-27 00:00:00.000-05:00" StartTime="2025-02-26 00:00:00.000-05:00" IntervalLength="60">
      <Interval GatewayCollectedTime="2025-02-26 00:00:00.000-05:00" IntervalSequenceNumber="1740546000" BlockSequenceNumber="1738951200" EndTime="2025-02-26 01:00:00.000-05:00">
        <Reading UOM="CCF" BlockEndValue="0" Value="0.7300" RawValue="73.0000" Channel="1" />
      </Interval>
      <Interval GatewayCollectedTime="2025-02-26 01:00:00.000-05:00" IntervalSequenceNumber="1740546000" BlockSequenceNumber="1738951200" EndTime="2025-02-26 02:00:00.000-05:00">
        <Reading UOM="CCF" BlockEndValue="0" Value="0.7300" RawValue="73.0000" Channel="1" />
      </Interval>
      <Interval GatewayCollectedTime="2025-02-26 02:00:00.000-05:00" IntervalSequenceNumber="1740546000" BlockSequenceNumber="1738951200" EndTime="2025-02-26 03:00:00.000-05:00">
        <Reading UOM="CCF" BlockEndValue="0" Value="0.7300" RawValue="73.0000" Channel="1" />
      </Interval>
      <Interval GatewayCollectedTime="2025-02-26 03:00:00.000-05:00" IntervalSequenceNumber="1740546000" BlockSequenceNumber="1738951200" EndTime="2025-02-26 04:00:00.000-05:00">
        <Reading UOM="CCF" BlockEndValue="0" Value="0.7300" RawValue="73.0000" Channel="1" />
      </Interval>
      <Interval GatewayCollectedTime="2025-02-26 04:00:00.000-05:00" IntervalSequenceNumber="1740546000" BlockSequenceNumber="1738951200" EndTime="2025-02-26 05:00:00.000-05:00">
        <Reading UOM="CCF" BlockEndValue="0" Value="0.7300" RawValue="73.0000" Channel="1" />
      </Interval>
      <Interval GatewayCollectedTime="2025-02-26 05:00:00.000-05:00" IntervalSequenceNumber="1740546000" BlockSequenceNumber="1738951200" EndTime="2025-02-26 06:00:00.000-05:00">
        <Reading UOM="CCF" BlockEndValue="0" Value="0.7300" RawValue="73.0000" Channel="1" />
      </Interval>
      <Interval GatewayCollectedTime="2025-02-26 06:00:00.000-05:00" IntervalSequenceNumber="1740546000" BlockSequenceNumber="1738951200" EndTime="2025-02-26 07:00:00.000-05:00">
        <Reading UOM="CCF" BlockEndValue="0" Value="0.7300" RawValue="73.0000" Channel="1" />
      </Interval>
      <Interval GatewayCollectedTime="2025-02-26 07:00:00.000-05:00" IntervalSequenceNumber="1740546000" BlockSequenceNumber="1738951200" EndTime="2025-02-26 08:00:00.000-05:00">
        <Reading UOM="CCF" BlockEndValue="0" Value="0.7300" RawValue="73.0000" Channel="1" />
      </Interval>
      <Interval GatewayCollectedTime="2025-02-26 08:00:00.000-05:00" IntervalSequenceNumber="1740546000" BlockSequenceNumber="1738951200" EndTime="2025-02-26 09:00:00.000-05:00">
        <Reading UOM="CCF" BlockEndValue="0" Value="0.7300" RawValue="73.0000" Channel="1" />
      </Interval>
      <Interval GatewayCollectedTime="2025-02-26 09:00:00.000-05:00" IntervalSequenceNumber="1740546000" BlockSequenceNumber="1738951200" EndTime="2025-02-26 10:00:00.000-05:00">
        <Reading UOM="CCF" BlockEndValue="0" Value="0.7300" RawValue="73.0000" Channel="1" />
      </Interval>
      <Interval GatewayCollectedTime="2025-02-26 10:00:00.000-05:00" IntervalSequenceNumber="1740546000" BlockSequenceNumber="1738951200" EndTime="2025-02-26 11:00:00.000-05:00">
        <Reading UOM="CCF" BlockEndValue="0" Value="0.7300" RawValue="73.0000" Channel="1" />
      </Interval>
      <Interval GatewayCollectedTime="2025-02-26 11:00:00.000-05:00" IntervalSequenceNumber="1740546000" BlockSequenceNumber="1738951200" EndTime="2025-02-26 12:00:00.000-05:00">
        <Reading UOM="CCF" BlockEndValue="0" Value="0.7300" RawValue="73.0000" Channel="1" />
      </Interval>
      <Interval GatewayCollectedTime="2025-02-26 12:00:00.000-05:00" IntervalSequenceNumber="1740546000" BlockSequenceNumber="1738951200" EndTime="2025-02-26 13:00:00.000-05:00">
        <Reading UOM="CCF" BlockEndValue="0" Value="0.7300" RawValue="73.0000" Channel="1" />
      </Interval>
      <Interval GatewayCollectedTime="2025-02-26 13:00:00.000-05:00" IntervalSequenceNumber="1740546000" BlockSequenceNumber="1738951200" EndTime="2025-02-26 14:00:00.000-05:00">
        <Reading UOM="CCF" BlockEndValue="0" Value="0.7300" RawValue="73.0000" Channel="1" />
      </Interval>
      <Interval GatewayCollectedTime="2025-02-26 14:00:00.000-05:00" IntervalSequenceNumber="1740546000" BlockSequenceNumber="1738951200" EndTime="2025-02-26 15:00:00.000-05:00">
        <Reading UOM="CCF" BlockEndValue="0" Value="0.7300" RawValue="73.0000" Channel="1" />
      </Interval>
      <Interval GatewayCollectedTime="2025-02-26 15:00:00.000-05:00" IntervalSequenceNumber="1740546000" BlockSequenceNumber="1738951200" EndTime="2025-02-26 16:00:00.000-05:00">
        <Reading UOM="CCF" BlockEndValue="0" Value="0.7300" RawValue="73.0000" Channel="1" />
      </Interval>
      <Interval GatewayCollectedTime="2025-02-26 16:00:00.000-05:00" IntervalSequenceNumber="1740546000" BlockSequenceNumber="1738951200" EndTime="2025-02-26 17:00:00.000-05:00">
        <Reading UOM="CCF" BlockEndValue="0" Value="0.7300" RawValue="73.0000" Channel="1" />
      </Interval>
      <Interval GatewayCollectedTime="2025-02-26 17:00:00.000-05:00" IntervalSequenceNumber="1740546000" BlockSequenceNumber="1738951200" EndTime="2025-02-26 18:00:00.000-05:00">
        <Reading UOM="CCF" BlockEndValue="0" Value="0.7300" RawValue="73.0000" Channel="1" />
      </Interval>
      <Interval GatewayCollectedTime="2025-02-26 18:00:00.000-05:00" IntervalSequenceNumber="1740546000" BlockSequenceNumber="1738951200" EndTime="2025-02-26 19:00:00.000-05:00">
        <Reading UOM="CCF" BlockEndValue="0" Value="0.7300" RawValue="73.0000" Channel="1" />
      </Interval>
      <Interval GatewayCollectedTime="2025-02-26 19:00:00.000-05:00" IntervalSequenceNumber="1740546000" BlockSequenceNumber="1738951200" EndTime="2025-02-26 20:00:00.000-05:00">
        <Reading UOM="CCF" BlockEndValue="0" Value="0.7300" RawValue="73.0000" Channel="1" />
      </Interval>
      <Interval GatewayCollectedTime="2025-02-26 20:00:00.000-05:00" IntervalSequenceNumber="1740546000" BlockSequenceNumber="1738951200" EndTime="2025-02-26 21:00:00.000-05:00">
        <Reading UOM="CCF" BlockEndValue="0" Value="0.7300" RawValue="73.0000" Channel="1" />
      </Interval>
      <Interval GatewayCollectedTime="2025-02-26 21:00:00.000-05:00" IntervalSequenceNumber="1740546000" BlockSequenceNumber="1738951200" EndTime="2025-02-26 22:00:00.000-05:00">
        <Reading UOM="CCF" BlockEndValue="0" Value="0.7300" RawValue="73.0000" Channel="1" />
      </Interval>
      <Interval GatewayCollectedTime="2025-02-26 22:00:00.000-05:00" IntervalSequenceNumber="1740546000" BlockSequenceNumber="1738951200" EndTime="2025-02-26 23:00:00.000-05:00">
        <Reading UOM="CCF" BlockEndValue="0" Value="0.7300" RawValue="73.0000" Channel="1" />
      </Interval>
      <Interval GatewayCollectedTime="2025-02-26 23:00:00.000-05:00" IntervalSequenceNumber="1740546000" BlockSequenceNumber="1738951200" EndTime="2025-02-27 00:00:00.000-05:00">
        <Reading UOM="CCF" BlockEndValue="1392.5200" Value="0.7300" RawValue="73.0000" Channel="1" />
      </Interval>
    </IntervalReadData>
  </MeterData>
  <MeterData UtilServicePointID="616260000000" UtilDeviceID="GM18000459" MacID="00:07:81:43:07:C5:E6:1F" MeterName="GM18000459" xmlns="urn:com:ssn:schema:export:v2.5:SSNExportFormat.xsd">
    <RegisterData NumberReads="1" EndTime="2025-02-27 00:00:00.000-05:00" StartTime="2025-02-27 00:00:00.000-05:00">
      <RegisterRead RegisterReadSource="REG_SRC_TYPE_EOB_SELF_READ" GatewayCollectedTime="2025-02-26 00:00:00.000-05:00" ReadTime="2025-02-27 00:00:00.000-05:00">
        <Tier Number="0">
          <Register SummationUOM="CCF" Summation="2209.5200" SummationRawValue="220952" Number="1010" />
        </Tier>
      </RegisterRead>
    </RegisterData>
    <IntervalReadData LpSetId="1" NumberIntervals="24" EndTime="2025-02-27 00:00:00.000-05:00" StartTime="2025-02-26 00:00:00.000-05:00" IntervalLength="60">
      <Interval GatewayCollectedTime="2025-02-26 00:00:00.000-05:00" IntervalSequenceNumber="1740546000" BlockSequenceNumber="1738951200" EndTime="2025-02-26 01:00:00.000-05:00">
        <Reading UOM="CCF" BlockEndValue="0" Value="0.7300" RawValue="73.0000" Channel="1" />
      </Interval>
      <Interval GatewayCollectedTime="2025-02-26 01:00:00.000-05:00" IntervalSequenceNumber="1740546000" BlockSequenceNumber="1738951200" EndTime="2025-02-26 02:00:00.000-05:00">
        <Reading UOM="CCF" BlockEndValue="0" Value="0.7300" RawValue="73.0000" Channel="1" />
      </Interval>
      <Interval GatewayCollectedTime="2025-02-26 02:00:00.000-05:00" IntervalSequenceNumber="1740546000" BlockSequenceNumber="1738951200" EndTime="2025-02-26 03:00:00.000-05:00">
        <Reading UOM="CCF" BlockEndValue="0" Value="0.7300" RawValue="73.0000" Channel="1" />
      </Interval>
      <Interval GatewayCollectedTime="2025-02-26 03:00:00.000-05:00" IntervalSequenceNumber="1740546000" BlockSequenceNumber="1738951200" EndTime="2025-02-26 04:00:00.000-05:00">
        <Reading UOM="CCF" BlockEndValue="0" Value="0.7300" RawValue="73.0000" Channel="1" />
      </Interval>
      <Interval GatewayCollectedTime="2025-02-26 04:00:00.000-05:00" IntervalSequenceNumber="1740546000" BlockSequenceNumber="1738951200" EndTime="2025-02-26 05:00:00.000-05:00">
        <Reading UOM="CCF" BlockEndValue="0" Value="0.7300" RawValue="73.0000" Channel="1" />
      </Interval>
      <Interval GatewayCollectedTime="2025-02-26 05:00:00.000-05:00" IntervalSequenceNumber="1740546000" BlockSequenceNumber="1738951200" EndTime="2025-02-26 06:00:00.000-05:00">
        <Reading UOM="CCF" BlockEndValue="0" Value="0.7300" RawValue="73.0000" Channel="1" />
      </Interval>
      <Interval GatewayCollectedTime="2025-02-26 06:00:00.000-05:00" IntervalSequenceNumber="1740546000" BlockSequenceNumber="1738951200" EndTime="2025-02-26 07:00:00.000-05:00">
        <Reading UOM="CCF" BlockEndValue="0" Value="0.7300" RawValue="73.0000" Channel="1" />
      </Interval>
      <Interval GatewayCollectedTime="2025-02-26 07:00:00.000-05:00" IntervalSequenceNumber="1740546000" BlockSequenceNumber="1738951200" EndTime="2025-02-26 08:00:00.000-05:00">
        <Reading UOM="CCF" BlockEndValue="0" Value="0.7300" RawValue="73.0000" Channel="1" />
      </Interval>
      <Interval GatewayCollectedTime="2025-02-26 08:00:00.000-05:00" IntervalSequenceNumber="1740546000" BlockSequenceNumber="1738951200" EndTime="2025-02-26 09:00:00.000-05:00">
        <Reading UOM="CCF" BlockEndValue="0" Value="0.7300" RawValue="73.0000" Channel="1" />
      </Interval>
      <Interval GatewayCollectedTime="2025-02-26 09:00:00.000-05:00" IntervalSequenceNumber="1740546000" BlockSequenceNumber="1738951200" EndTime="2025-02-26 10:00:00.000-05:00">
        <Reading UOM="CCF" BlockEndValue="0" Value="0.7300" RawValue="73.0000" Channel="1" />
      </Interval>
      <Interval GatewayCollectedTime="2025-02-26 10:00:00.000-05:00" IntervalSequenceNumber="1740546000" BlockSequenceNumber="1738951200" EndTime="2025-02-26 11:00:00.000-05:00">
        <Reading UOM="CCF" BlockEndValue="0" Value="0.7300" RawValue="73.0000" Channel="1" />
      </Interval>
      <Interval GatewayCollectedTime="2025-02-26 11:00:00.000-05:00" IntervalSequenceNumber="1740546000" BlockSequenceNumber="1738951200" EndTime="2025-02-26 12:00:00.000-05:00">
        <Reading UOM="CCF" BlockEndValue="0" Value="0.7300" RawValue="73.0000" Channel="1" />
      </Interval>
      <Interval GatewayCollectedTime="2025-02-26 12:00:00.000-05:00" IntervalSequenceNumber="1740546000" BlockSequenceNumber="1738951200" EndTime="2025-02-26 13:00:00.000-05:00">
        <Reading UOM="CCF" BlockEndValue="0" Value="0.7300" RawValue="73.0000" Channel="1" />
      </Interval>
      <Interval GatewayCollectedTime="2025-02-26 13:00:00.000-05:00" IntervalSequenceNumber="1740546000" BlockSequenceNumber="1738951200" EndTime="2025-02-26 14:00:00.000-05:00">
        <Reading UOM="CCF" BlockEndValue="0" Value="0.7300" RawValue="73.0000" Channel="1" />
      </Interval>
      <Interval GatewayCollectedTime="2025-02-26 14:00:00.000-05:00" IntervalSequenceNumber="1740546000" BlockSequenceNumber="1738951200" EndTime="2025-02-26 15:00:00.000-05:00">
        <Reading UOM="CCF" BlockEndValue="0" Value="0.7300" RawValue="73.0000" Channel="1" />
      </Interval>
      <Interval GatewayCollectedTime="2025-02-26 15:00:00.000-05:00" IntervalSequenceNumber="1740546000" BlockSequenceNumber="1738951200" EndTime="2025-02-26 16:00:00.000-05:00">
        <Reading UOM="CCF" BlockEndValue="0" Value="0.7300" RawValue="73.0000" Channel="1" />
      </Interval>
      <Interval GatewayCollectedTime="2025-02-26 16:00:00.000-05:00" IntervalSequenceNumber="1740546000" BlockSequenceNumber="1738951200" EndTime="2025-02-26 17:00:00.000-05:00">
        <Reading UOM="CCF" BlockEndValue="0" Value="0.7300" RawValue="73.0000" Channel="1" />
      </Interval>
      <Interval GatewayCollectedTime="2025-02-26 17:00:00.000-05:00" IntervalSequenceNumber="1740546000" BlockSequenceNumber="1738951200" EndTime="2025-02-26 18:00:00.000-05:00">
        <Reading UOM="CCF" BlockEndValue="0" Value="0.7300" RawValue="73.0000" Channel="1" />
      </Interval>
      <Interval GatewayCollectedTime="2025-02-26 18:00:00.000-05:00" IntervalSequenceNumber="1740546000" BlockSequenceNumber="1738951200" EndTime="2025-02-26 19:00:00.000-05:00">
        <Reading UOM="CCF" BlockEndValue="0" Value="0.7300" RawValue="73.0000" Channel="1" />
      </Interval>
      <Interval GatewayCollectedTime="2025-02-26 19:00:00.000-05:00" IntervalSequenceNumber="1740546000" BlockSequenceNumber="1738951200" EndTime="2025-02-26 20:00:00.000-05:00">
        <Reading UOM="CCF" BlockEndValue="0" Value="0.7300" RawValue="73.0000" Channel="1" />
      </Interval>
      <Interval GatewayCollectedTime="2025-02-26 20:00:00.000-05:00" IntervalSequenceNumber="1740546000" BlockSequenceNumber="1738951200" EndTime="2025-02-26 21:00:00.000-05:00">
        <Reading UOM="CCF" BlockEndValue="0" Value="0.7300" RawValue="73.0000" Channel="1" />
      </Interval>
      <Interval GatewayCollectedTime="2025-02-26 21:00:00.000-05:00" IntervalSequenceNumber="1740546000" BlockSequenceNumber="1738951200" EndTime="2025-02-26 22:00:00.000-05:00">
        <Reading UOM="CCF" BlockEndValue="0" Value="0.7300" RawValue="73.0000" Channel="1" />
      </Interval>
      <Interval GatewayCollectedTime="2025-02-26 22:00:00.000-05:00" IntervalSequenceNumber="1740546000" BlockSequenceNumber="1738951200" EndTime="2025-02-26 23:00:00.000-05:00">
        <Reading UOM="CCF" BlockEndValue="0" Value="0.7300" RawValue="73.0000" Channel="1" />
      </Interval>
      <Interval GatewayCollectedTime="2025-02-26 23:00:00.000-05:00" IntervalSequenceNumber="1740546000" BlockSequenceNumber="1738951200" EndTime="2025-02-27 00:00:00.000-05:00">
        <Reading UOM="CCF" BlockEndValue="2209.5200" Value="0.7300" RawValue="73.0000" Channel="1" />
      </Interval>
    </IntervalReadData>
  </MeterData>
  <MeterData UtilServicePointID="066161000000" UtilDeviceID="GM18000714" MacID="00:07:81:43:07:C9:9E:70" MeterName="GM18000714" xmlns="urn:com:ssn:schema:export:v2.5:SSNExportFormat.xsd">
    <RegisterData NumberReads="1" EndTime="2025-02-27 00:00:00.000-05:00" StartTime="2025-02-27 00:00:00.000-05:00">
      <RegisterRead RegisterReadSource="REG_SRC_TYPE_EOB_SELF_READ" GatewayCollectedTime="2025-02-26 00:00:00.000-05:00" ReadTime="2025-02-27 00:00:00.000-05:00">
        <Tier Number="0">
          <Register SummationUOM="CCF" Summation="604.5200" SummationRawValue="60452" Number="1010" />
        </Tier>
      </RegisterRead>
    </RegisterData>
    <IntervalReadData LpSetId="1" NumberIntervals="24" EndTime="2025-02-27 00:00:00.000-05:00" StartTime="2025-02-26 00:00:00.000-05:00" IntervalLength="60">
      <Interval GatewayCollectedTime="2025-02-26 00:00:00.000-05:00" IntervalSequenceNumber="1740546000" BlockSequenceNumber="1738951200" EndTime="2025-02-26 01:00:00.000-05:00">
        <Reading UOM="CCF" BlockEndValue="0" Value="0.7300" RawValue="73.0000" Channel="1" />
      </Interval>
      <Interval GatewayCollectedTime="2025-02-26 01:00:00.000-05:00" IntervalSequenceNumber="1740546000" BlockSequenceNumber="1738951200" EndTime="2025-02-26 02:00:00.000-05:00">
        <Reading UOM="CCF" BlockEndValue="0" Value="0.7300" RawValue="73.0000" Channel="1" />
      </Interval>
      <Interval GatewayCollectedTime="2025-02-26 02:00:00.000-05:00" IntervalSequenceNumber="1740546000" BlockSequenceNumber="1738951200" EndTime="2025-02-26 03:00:00.000-05:00">
        <Reading UOM="CCF" BlockEndValue="0" Value="0.7300" RawValue="73.0000" Channel="1" />
      </Interval>
      <Interval GatewayCollectedTime="2025-02-26 03:00:00.000-05:00" IntervalSequenceNumber="1740546000" BlockSequenceNumber="1738951200" EndTime="2025-02-26 04:00:00.000-05:00">
        <Reading UOM="CCF" BlockEndValue="0" Value="0.7300" RawValue="73.0000" Channel="1" />
      </Interval>
      <Interval GatewayCollectedTime="2025-02-26 04:00:00.000-05:00" IntervalSequenceNumber="1740546000" BlockSequenceNumber="1738951200" EndTime="2025-02-26 05:00:00.000-05:00">
        <Reading UOM="CCF" BlockEndValue="0" Value="0.7300" RawValue="73.0000" Channel="1" />
      </Interval>
      <Interval GatewayCollectedTime="2025-02-26 05:00:00.000-05:00" IntervalSequenceNumber="1740546000" BlockSequenceNumber="1738951200" EndTime="2025-02-26 06:00:00.000-05:00">
        <Reading UOM="CCF" BlockEndValue="0" Value="0.7300" RawValue="73.0000" Channel="1" />
      </Interval>
      <Interval GatewayCollectedTime="2025-02-26 06:00:00.000-05:00" IntervalSequenceNumber="1740546000" BlockSequenceNumber="1738951200" EndTime="2025-02-26 07:00:00.000-05:00">
        <Reading UOM="CCF" BlockEndValue="0" Value="0.7300" RawValue="73.0000" Channel="1" />
      </Interval>
      <Interval GatewayCollectedTime="2025-02-26 07:00:00.000-05:00" IntervalSequenceNumber="1740546000" BlockSequenceNumber="1738951200" EndTime="2025-02-26 08:00:00.000-05:00">
        <Reading UOM="CCF" BlockEndValue="0" Value="0.7300" RawValue="73.0000" Channel="1" />
      </Interval>
      <Interval GatewayCollectedTime="2025-02-26 08:00:00.000-05:00" IntervalSequenceNumber="1740546000" BlockSequenceNumber="1738951200" EndTime="2025-02-26 09:00:00.000-05:00">
        <Reading UOM="CCF" BlockEndValue="0" Value="0.7300" RawValue="73.0000" Channel="1" />
      </Interval>
      <Interval GatewayCollectedTime="2025-02-26 09:00:00.000-05:00" IntervalSequenceNumber="1740546000" BlockSequenceNumber="1738951200" EndTime="2025-02-26 10:00:00.000-05:00">
        <Reading UOM="CCF" BlockEndValue="0" Value="0.7300" RawValue="73.0000" Channel="1" />
      </Interval>
      <Interval GatewayCollectedTime="2025-02-26 10:00:00.000-05:00" IntervalSequenceNumber="1740546000" BlockSequenceNumber="1738951200" EndTime="2025-02-26 11:00:00.000-05:00">
        <Reading UOM="CCF" BlockEndValue="0" Value="0.7300" RawValue="73.0000" Channel="1" />
      </Interval>
      <Interval GatewayCollectedTime="2025-02-26 11:00:00.000-05:00" IntervalSequenceNumber="1740546000" BlockSequenceNumber="1738951200" EndTime="2025-02-26 12:00:00.000-05:00">
        <Reading UOM="CCF" BlockEndValue="0" Value="0.7300" RawValue="73.0000" Channel="1" />
      </Interval>
      <Interval GatewayCollectedTime="2025-02-26 12:00:00.000-05:00" IntervalSequenceNumber="1740546000" BlockSequenceNumber="1738951200" EndTime="2025-02-26 13:00:00.000-05:00">
        <Reading UOM="CCF" BlockEndValue="0" Value="0.7300" RawValue="73.0000" Channel="1" />
      </Interval>
      <Interval GatewayCollectedTime="2025-02-26 13:00:00.000-05:00" IntervalSequenceNumber="1740546000" BlockSequenceNumber="1738951200" EndTime="2025-02-26 14:00:00.000-05:00">
        <Reading UOM="CCF" BlockEndValue="0" Value="0.7300" RawValue="73.0000" Channel="1" />
      </Interval>
      <Interval GatewayCollectedTime="2025-02-26 14:00:00.000-05:00" IntervalSequenceNumber="1740546000" BlockSequenceNumber="1738951200" EndTime="2025-02-26 15:00:00.000-05:00">
        <Reading UOM="CCF" BlockEndValue="0" Value="0.7300" RawValue="73.0000" Channel="1" />
      </Interval>
      <Interval GatewayCollectedTime="2025-02-26 15:00:00.000-05:00" IntervalSequenceNumber="1740546000" BlockSequenceNumber="1738951200" EndTime="2025-02-26 16:00:00.000-05:00">
        <Reading UOM="CCF" BlockEndValue="0" Value="0.7300" RawValue="73.0000" Channel="1" />
      </Interval>
      <Interval GatewayCollectedTime="2025-02-26 16:00:00.000-05:00" IntervalSequenceNumber="1740546000" BlockSequenceNumber="1738951200" EndTime="2025-02-26 17:00:00.000-05:00">
        <Reading UOM="CCF" BlockEndValue="0" Value="0.7300" RawValue="73.0000" Channel="1" />
      </Interval>
      <Interval GatewayCollectedTime="2025-02-26 17:00:00.000-05:00" IntervalSequenceNumber="1740546000" BlockSequenceNumber="1738951200" EndTime="2025-02-26 18:00:00.000-05:00">
        <Reading UOM="CCF" BlockEndValue="0" Value="0.7300" RawValue="73.0000" Channel="1" />
      </Interval>
      <Interval GatewayCollectedTime="2025-02-26 18:00:00.000-05:00" IntervalSequenceNumber="1740546000" BlockSequenceNumber="1738951200" EndTime="2025-02-26 19:00:00.000-05:00">
        <Reading UOM="CCF" BlockEndValue="0" Value="0.7300" RawValue="73.0000" Channel="1" />
      </Interval>
      <Interval GatewayCollectedTime="2025-02-26 19:00:00.000-05:00" IntervalSequenceNumber="1740546000" BlockSequenceNumber="1738951200" EndTime="2025-02-26 20:00:00.000-05:00">
        <Reading UOM="CCF" BlockEndValue="0" Value="0.7300" RawValue="73.0000" Channel="1" />
      </Interval>
      <Interval GatewayCollectedTime="2025-02-26 20:00:00.000-05:00" IntervalSequenceNumber="1740546000" BlockSequenceNumber="1738951200" EndTime="2025-02-26 21:00:00.000-05:00">
        <Reading UOM="CCF" BlockEndValue="0" Value="0.7300" RawValue="73.0000" Channel="1" />
      </Interval>
      <Interval GatewayCollectedTime="2025-02-26 21:00:00.000-05:00" IntervalSequenceNumber="1740546000" BlockSequenceNumber="1738951200" EndTime="2025-02-26 22:00:00.000-05:00">
        <Reading UOM="CCF" BlockEndValue="0" Value="0.7300" RawValue="73.0000" Channel="1" />
      </Interval>
      <Interval GatewayCollectedTime="2025-02-26 22:00:00.000-05:00" IntervalSequenceNumber="1740546000" BlockSequenceNumber="1738951200" EndTime="2025-02-26 23:00:00.000-05:00">
        <Reading UOM="CCF" BlockEndValue="0" Value="0.7300" RawValue="73.0000" Channel="1" />
      </Interval>
      <Interval GatewayCollectedTime="2025-02-26 23:00:00.000-05:00" IntervalSequenceNumber="1740546000" BlockSequenceNumber="1738951200" EndTime="2025-02-27 00:00:00.000-05:00">
        <Reading UOM="CCF" BlockEndValue="604.5200" Value="0.7300" RawValue="73.0000" Channel="1" />
      </Interval>
    </IntervalReadData>
  </MeterData>
  <MeterData UtilServicePointID="617111000000" UtilDeviceID="GM18000739" MacID="00:07:81:43:07:CD:31:51" MeterName="GM18000739" xmlns="urn:com:ssn:schema:export:v2.5:SSNExportFormat.xsd">
    <RegisterData NumberReads="1" EndTime="2025-02-27 00:00:00.000-05:00" StartTime="2025-02-27 00:00:00.000-05:00">
      <RegisterRead RegisterReadSource="REG_SRC_TYPE_EOB_SELF_READ" GatewayCollectedTime="2025-02-26 00:00:00.000-05:00" ReadTime="2025-02-27 00:00:00.000-05:00">
        <Tier Number="0">
          <Register SummationUOM="CCF" Summation="60.5200" SummationRawValue="6052" Number="1010" />
        </Tier>
      </RegisterRead>
    </RegisterData>
    <IntervalReadData LpSetId="1" NumberIntervals="24" EndTime="2025-02-27 00:00:00.000-05:00" StartTime="2025-02-26 00:00:00.000-05:00" IntervalLength="60">
      <Interval GatewayCollectedTime="2025-02-26 00:00:00.000-05:00" IntervalSequenceNumber="1740546000" BlockSequenceNumber="1738951200" EndTime="2025-02-26 01:00:00.000-05:00">
        <Reading UOM="CCF" BlockEndValue="0" Value="0.7300" RawValue="73.0000" Channel="1" />
      </Interval>
      <Interval GatewayCollectedTime="2025-02-26 01:00:00.000-05:00" IntervalSequenceNumber="1740546000" BlockSequenceNumber="1738951200" EndTime="2025-02-26 02:00:00.000-05:00">
        <Reading UOM="CCF" BlockEndValue="0" Value="0.7300" RawValue="73.0000" Channel="1" />
      </Interval>
      <Interval GatewayCollectedTime="2025-02-26 02:00:00.000-05:00" IntervalSequenceNumber="1740546000" BlockSequenceNumber="1738951200" EndTime="2025-02-26 03:00:00.000-05:00">
        <Reading UOM="CCF" BlockEndValue="0" Value="0.7300" RawValue="73.0000" Channel="1" />
      </Interval>
      <Interval GatewayCollectedTime="2025-02-26 03:00:00.000-05:00" IntervalSequenceNumber="1740546000" BlockSequenceNumber="1738951200" EndTime="2025-02-26 04:00:00.000-05:00">
        <Reading UOM="CCF" BlockEndValue="0" Value="0.7300" RawValue="73.0000" Channel="1" />
      </Interval>
      <Interval GatewayCollectedTime="2025-02-26 04:00:00.000-05:00" IntervalSequenceNumber="1740546000" BlockSequenceNumber="1738951200" EndTime="2025-02-26 05:00:00.000-05:00">
        <Reading UOM="CCF" BlockEndValue="0" Value="0.7300" RawValue="73.0000" Channel="1" />
      </Interval>
      <Interval GatewayCollectedTime="2025-02-26 05:00:00.000-05:00" IntervalSequenceNumber="1740546000" BlockSequenceNumber="1738951200" EndTime="2025-02-26 06:00:00.000-05:00">
        <Reading UOM="CCF" BlockEndValue="0" Value="0.7300" RawValue="73.0000" Channel="1" />
      </Interval>
      <Interval GatewayCollectedTime="2025-02-26 06:00:00.000-05:00" IntervalSequenceNumber="1740546000" BlockSequenceNumber="1738951200" EndTime="2025-02-26 07:00:00.000-05:00">
        <Reading UOM="CCF" BlockEndValue="0" Value="0.7300" RawValue="73.0000" Channel="1" />
      </Interval>
      <Interval GatewayCollectedTime="2025-02-26 07:00:00.000-05:00" IntervalSequenceNumber="1740546000" BlockSequenceNumber="1738951200" EndTime="2025-02-26 08:00:00.000-05:00">
        <Reading UOM="CCF" BlockEndValue="0" Value="0.7300" RawValue="73.0000" Channel="1" />
      </Interval>
      <Interval GatewayCollectedTime="2025-02-26 08:00:00.000-05:00" IntervalSequenceNumber="1740546000" BlockSequenceNumber="1738951200" EndTime="2025-02-26 09:00:00.000-05:00">
        <Reading UOM="CCF" BlockEndValue="0" Value="0.7300" RawValue="73.0000" Channel="1" />
      </Interval>
      <Interval GatewayCollectedTime="2025-02-26 09:00:00.000-05:00" IntervalSequenceNumber="1740546000" BlockSequenceNumber="1738951200" EndTime="2025-02-26 10:00:00.000-05:00">
        <Reading UOM="CCF" BlockEndValue="0" Value="0.7300" RawValue="73.0000" Channel="1" />
      </Interval>
      <Interval GatewayCollectedTime="2025-02-26 10:00:00.000-05:00" IntervalSequenceNumber="1740546000" BlockSequenceNumber="1738951200" EndTime="2025-02-26 11:00:00.000-05:00">
        <Reading UOM="CCF" BlockEndValue="0" Value="0.7300" RawValue="73.0000" Channel="1" />
      </Interval>
      <Interval GatewayCollectedTime="2025-02-26 11:00:00.000-05:00" IntervalSequenceNumber="1740546000" BlockSequenceNumber="1738951200" EndTime="2025-02-26 12:00:00.000-05:00">
        <Reading UOM="CCF" BlockEndValue="0" Value="0.7300" RawValue="73.0000" Channel="1" />
      </Interval>
      <Interval GatewayCollectedTime="2025-02-26 12:00:00.000-05:00" IntervalSequenceNumber="1740546000" BlockSequenceNumber="1738951200" EndTime="2025-02-26 13:00:00.000-05:00">
        <Reading UOM="CCF" BlockEndValue="0" Value="0.7300" RawValue="73.0000" Channel="1" />
      </Interval>
      <Interval GatewayCollectedTime="2025-02-26 13:00:00.000-05:00" IntervalSequenceNumber="1740546000" BlockSequenceNumber="1738951200" EndTime="2025-02-26 14:00:00.000-05:00">
        <Reading UOM="CCF" BlockEndValue="0" Value="0.7300" RawValue="73.0000" Channel="1" />
      </Interval>
      <Interval GatewayCollectedTime="2025-02-26 14:00:00.000-05:00" IntervalSequenceNumber="1740546000" BlockSequenceNumber="1738951200" EndTime="2025-02-26 15:00:00.000-05:00">
        <Reading UOM="CCF" BlockEndValue="0" Value="0.7300" RawValue="73.0000" Channel="1" />
      </Interval>
      <Interval GatewayCollectedTime="2025-02-26 15:00:00.000-05:00" IntervalSequenceNumber="1740546000" BlockSequenceNumber="1738951200" EndTime="2025-02-26 16:00:00.000-05:00">
        <Reading UOM="CCF" BlockEndValue="0" Value="0.7300" RawValue="73.0000" Channel="1" />
      </Interval>
      <Interval GatewayCollectedTime="2025-02-26 16:00:00.000-05:00" IntervalSequenceNumber="1740546000" BlockSequenceNumber="1738951200" EndTime="2025-02-26 17:00:00.000-05:00">
        <Reading UOM="CCF" BlockEndValue="0" Value="0.7300" RawValue="73.0000" Channel="1" />
      </Interval>
      <Interval GatewayCollectedTime="2025-02-26 17:00:00.000-05:00" IntervalSequenceNumber="1740546000" BlockSequenceNumber="1738951200" EndTime="2025-02-26 18:00:00.000-05:00">
        <Reading UOM="CCF" BlockEndValue="0" Value="0.7300" RawValue="73.0000" Channel="1" />
      </Interval>
      <Interval GatewayCollectedTime="2025-02-26 18:00:00.000-05:00" IntervalSequenceNumber="1740546000" BlockSequenceNumber="1738951200" EndTime="2025-02-26 19:00:00.000-05:00">
        <Reading UOM="CCF" BlockEndValue="0" Value="0.7300" RawValue="73.0000" Channel="1" />
      </Interval>
      <Interval GatewayCollectedTime="2025-02-26 19:00:00.000-05:00" IntervalSequenceNumber="1740546000" BlockSequenceNumber="1738951200" EndTime="2025-02-26 20:00:00.000-05:00">
        <Reading UOM="CCF" BlockEndValue="0" Value="0.7300" RawValue="73.0000" Channel="1" />
      </Interval>
      <Interval GatewayCollectedTime="2025-02-26 20:00:00.000-05:00" IntervalSequenceNumber="1740546000" BlockSequenceNumber="1738951200" EndTime="2025-02-26 21:00:00.000-05:00">
        <Reading UOM="CCF" BlockEndValue="0" Value="0.7300" RawValue="73.0000" Channel="1" />
      </Interval>
      <Interval GatewayCollectedTime="2025-02-26 21:00:00.000-05:00" IntervalSequenceNumber="1740546000" BlockSequenceNumber="1738951200" EndTime="2025-02-26 22:00:00.000-05:00">
        <Reading UOM="CCF" BlockEndValue="0" Value="0.7300" RawValue="73.0000" Channel="1" />
      </Interval>
      <Interval GatewayCollectedTime="2025-02-26 22:00:00.000-05:00" IntervalSequenceNumber="1740546000" BlockSequenceNumber="1738951200" EndTime="2025-02-26 23:00:00.000-05:00">
        <Reading UOM="CCF" BlockEndValue="0" Value="0.7300" RawValue="73.0000" Channel="1" />
      </Interval>
      <Interval GatewayCollectedTime="2025-02-26 23:00:00.000-05:00" IntervalSequenceNumber="1740546000" BlockSequenceNumber="1738951200" EndTime="2025-02-27 00:00:00.000-05:00">
        <Reading UOM="CCF" BlockEndValue="60.5200" Value="0.7300" RawValue="73.0000" Channel="1" />
      </Interval>
    </IntervalReadData>
  </MeterData>
  <MeterData UtilServicePointID="218870000000" UtilDeviceID="GM18000891" MacID="00:07:81:43:07:CA:5B:CF" MeterName="GM18000891" xmlns="urn:com:ssn:schema:export:v2.5:SSNExportFormat.xsd">
    <RegisterData NumberReads="1" EndTime="2025-02-27 00:00:00.000-05:00" StartTime="2025-02-27 00:00:00.000-05:00">
      <RegisterRead RegisterReadSource="REG_SRC_TYPE_EOB_SELF_READ" GatewayCollectedTime="2025-02-26 00:00:00.000-05:00" ReadTime="2025-02-27 00:00:00.000-05:00">
        <Tier Number="0">
          <Register SummationUOM="CCF" Summation="1206.5200" SummationRawValue="120652" Number="1010" />
        </Tier>
      </RegisterRead>
    </RegisterData>
    <IntervalReadData LpSetId="1" NumberIntervals="24" EndTime="2025-02-27 00:00:00.000-05:00" StartTime="2025-02-26 00:00:00.000-05:00" IntervalLength="60">
      <Interval GatewayCollectedTime="2025-02-26 00:00:00.000-05:00" IntervalSequenceNumber="1740546000" BlockSequenceNumber="1738951200" EndTime="2025-02-26 01:00:00.000-05:00">
        <Reading UOM="CCF" BlockEndValue="0" Value="0.7300" RawValue="73.0000" Channel="1" />
      </Interval>
      <Interval GatewayCollectedTime="2025-02-26 01:00:00.000-05:00" IntervalSequenceNumber="1740546000" BlockSequenceNumber="1738951200" EndTime="2025-02-26 02:00:00.000-05:00">
        <Reading UOM="CCF" BlockEndValue="0" Value="0.7300" RawValue="73.0000" Channel="1" />
      </Interval>
      <Interval GatewayCollectedTime="2025-02-26 02:00:00.000-05:00" IntervalSequenceNumber="1740546000" BlockSequenceNumber="1738951200" EndTime="2025-02-26 03:00:00.000-05:00">
        <Reading UOM="CCF" BlockEndValue="0" Value="0.7300" RawValue="73.0000" Channel="1" />
      </Interval>
      <Interval GatewayCollectedTime="2025-02-26 03:00:00.000-05:00" IntervalSequenceNumber="1740546000" BlockSequenceNumber="1738951200" EndTime="2025-02-26 04:00:00.000-05:00">
        <Reading UOM="CCF" BlockEndValue="0" Value="0.7300" RawValue="73.0000" Channel="1" />
      </Interval>
      <Interval GatewayCollectedTime="2025-02-26 04:00:00.000-05:00" IntervalSequenceNumber="1740546000" BlockSequenceNumber="1738951200" EndTime="2025-02-26 05:00:00.000-05:00">
        <Reading UOM="CCF" BlockEndValue="0" Value="0.7300" RawValue="73.0000" Channel="1" />
      </Interval>
      <Interval GatewayCollectedTime="2025-02-26 05:00:00.000-05:00" IntervalSequenceNumber="1740546000" BlockSequenceNumber="1738951200" EndTime="2025-02-26 06:00:00.000-05:00">
        <Reading UOM="CCF" BlockEndValue="0" Value="0.7300" RawValue="73.0000" Channel="1" />
      </Interval>
      <Interval GatewayCollectedTime="2025-02-26 06:00:00.000-05:00" IntervalSequenceNumber="1740546000" BlockSequenceNumber="1738951200" EndTime="2025-02-26 07:00:00.000-05:00">
        <Reading UOM="CCF" BlockEndValue="0" Value="0.7300" RawValue="73.0000" Channel="1" />
      </Interval>
      <Interval GatewayCollectedTime="2025-02-26 07:00:00.000-05:00" IntervalSequenceNumber="1740546000" BlockSequenceNumber="1738951200" EndTime="2025-02-26 08:00:00.000-05:00">
        <Reading UOM="CCF" BlockEndValue="0" Value="0.7300" RawValue="73.0000" Channel="1" />
      </Interval>
      <Interval GatewayCollectedTime="2025-02-26 08:00:00.000-05:00" IntervalSequenceNumber="1740546000" BlockSequenceNumber="1738951200" EndTime="2025-02-26 09:00:00.000-05:00">
        <Reading UOM="CCF" BlockEndValue="0" Value="0.7300" RawValue="73.0000" Channel="1" />
      </Interval>
      <Interval GatewayCollectedTime="2025-02-26 09:00:00.000-05:00" IntervalSequenceNumber="1740546000" BlockSequenceNumber="1738951200" EndTime="2025-02-26 10:00:00.000-05:00">
        <Reading UOM="CCF" BlockEndValue="0" Value="0.7300" RawValue="73.0000" Channel="1" />
      </Interval>
      <Interval GatewayCollectedTime="2025-02-26 10:00:00.000-05:00" IntervalSequenceNumber="1740546000" BlockSequenceNumber="1738951200" EndTime="2025-02-26 11:00:00.000-05:00">
        <Reading UOM="CCF" BlockEndValue="0" Value="0.7300" RawValue="73.0000" Channel="1" />
      </Interval>
      <Interval GatewayCollectedTime="2025-02-26 11:00:00.000-05:00" IntervalSequenceNumber="1740546000" BlockSequenceNumber="1738951200" EndTime="2025-02-26 12:00:00.000-05:00">
        <Reading UOM="CCF" BlockEndValue="0" Value="0.7300" RawValue="73.0000" Channel="1" />
      </Interval>
      <Interval GatewayCollectedTime="2025-02-26 12:00:00.000-05:00" IntervalSequenceNumber="1740546000" BlockSequenceNumber="1738951200" EndTime="2025-02-26 13:00:00.000-05:00">
        <Reading UOM="CCF" BlockEndValue="0" Value="0.7300" RawValue="73.0000" Channel="1" />
      </Interval>
      <Interval GatewayCollectedTime="2025-02-26 13:00:00.000-05:00" IntervalSequenceNumber="1740546000" BlockSequenceNumber="1738951200" EndTime="2025-02-26 14:00:00.000-05:00">
        <Reading UOM="CCF" BlockEndValue="0" Value="0.7300" RawValue="73.0000" Channel="1" />
      </Interval>
      <Interval GatewayCollectedTime="2025-02-26 14:00:00.000-05:00" IntervalSequenceNumber="1740546000" BlockSequenceNumber="1738951200" EndTime="2025-02-26 15:00:00.000-05:00">
        <Reading UOM="CCF" BlockEndValue="0" Value="0.7300" RawValue="73.0000" Channel="1" />
      </Interval>
      <Interval GatewayCollectedTime="2025-02-26 15:00:00.000-05:00" IntervalSequenceNumber="1740546000" BlockSequenceNumber="1738951200" EndTime="2025-02-26 16:00:00.000-05:00">
        <Reading UOM="CCF" BlockEndValue="0" Value="0.7300" RawValue="73.0000" Channel="1" />
      </Interval>
      <Interval GatewayCollectedTime="2025-02-26 16:00:00.000-05:00" IntervalSequenceNumber="1740546000" BlockSequenceNumber="1738951200" EndTime="2025-02-26 17:00:00.000-05:00">
        <Reading UOM="CCF" BlockEndValue="0" Value="0.7300" RawValue="73.0000" Channel="1" />
      </Interval>
      <Interval GatewayCollectedTime="2025-02-26 17:00:00.000-05:00" IntervalSequenceNumber="1740546000" BlockSequenceNumber="1738951200" EndTime="2025-02-26 18:00:00.000-05:00">
        <Reading UOM="CCF" BlockEndValue="0" Value="0.7300" RawValue="73.0000" Channel="1" />
      </Interval>
      <Interval GatewayCollectedTime="2025-02-26 18:00:00.000-05:00" IntervalSequenceNumber="1740546000" BlockSequenceNumber="1738951200" EndTime="2025-02-26 19:00:00.000-05:00">
        <Reading UOM="CCF" BlockEndValue="0" Value="0.7300" RawValue="73.0000" Channel="1" />
      </Interval>
      <Interval GatewayCollectedTime="2025-02-26 19:00:00.000-05:00" IntervalSequenceNumber="1740546000" BlockSequenceNumber="1738951200" EndTime="2025-02-26 20:00:00.000-05:00">
        <Reading UOM="CCF" BlockEndValue="0" Value="0.7300" RawValue="73.0000" Channel="1" />
      </Interval>
      <Interval GatewayCollectedTime="2025-02-26 20:00:00.000-05:00" IntervalSequenceNumber="1740546000" BlockSequenceNumber="1738951200" EndTime="2025-02-26 21:00:00.000-05:00">
        <Reading UOM="CCF" BlockEndValue="0" Value="0.7300" RawValue="73.0000" Channel="1" />
      </Interval>
      <Interval GatewayCollectedTime="2025-02-26 21:00:00.000-05:00" IntervalSequenceNumber="1740546000" BlockSequenceNumber="1738951200" EndTime="2025-02-26 22:00:00.000-05:00">
        <Reading UOM="CCF" BlockEndValue="0" Value="0.7300" RawValue="73.0000" Channel="1" />
      </Interval>
      <Interval GatewayCollectedTime="2025-02-26 22:00:00.000-05:00" IntervalSequenceNumber="1740546000" BlockSequenceNumber="1738951200" EndTime="2025-02-26 23:00:00.000-05:00">
        <Reading UOM="CCF" BlockEndValue="0" Value="0.7300" RawValue="73.0000" Channel="1" />
      </Interval>
      <Interval GatewayCollectedTime="2025-02-26 23:00:00.000-05:00" IntervalSequenceNumber="1740546000" BlockSequenceNumber="1738951200" EndTime="2025-02-27 00:00:00.000-05:00">
        <Reading UOM="CCF" BlockEndValue="1206.5200" Value="0.7300" RawValue="73.0000" Channel="1" />
      </Interval>
    </IntervalReadData>
  </MeterData>
  <MeterData UtilServicePointID="259760000000" UtilDeviceID="GM18001208" MacID="00:07:81:43:07:CB:AE:40" MeterName="GM18001208" xmlns="urn:com:ssn:schema:export:v2.5:SSNExportFormat.xsd">
    <RegisterData NumberReads="1" EndTime="2025-02-27 00:00:00.000-05:00" StartTime="2025-02-27 00:00:00.000-05:00">
      <RegisterRead RegisterReadSource="REG_SRC_TYPE_EOB_SELF_READ" GatewayCollectedTime="2025-02-26 00:00:00.000-05:00" ReadTime="2025-02-27 00:00:00.000-05:00">
        <Tier Number="0">
          <Register SummationUOM="CCF" Summation="1090.8800" SummationRawValue="109088" Number="1010" />
        </Tier>
      </RegisterRead>
    </RegisterData>
    <IntervalReadData LpSetId="1" NumberIntervals="24" EndTime="2025-02-27 00:00:00.000-05:00" StartTime="2025-02-26 00:00:00.000-05:00" IntervalLength="60">
      <Interval GatewayCollectedTime="2025-02-26 00:00:00.000-05:00" IntervalSequenceNumber="1740546000" BlockSequenceNumber="1738951200" EndTime="2025-02-26 01:00:00.000-05:00">
        <Reading UOM="CCF" BlockEndValue="0" Value="0.7300" RawValue="73.0000" Channel="1" />
      </Interval>
      <Interval GatewayCollectedTime="2025-02-26 01:00:00.000-05:00" IntervalSequenceNumber="1740546000" BlockSequenceNumber="1738951200" EndTime="2025-02-26 02:00:00.000-05:00">
        <Reading UOM="CCF" BlockEndValue="0" Value="0.7300" RawValue="73.0000" Channel="1" />
      </Interval>
      <Interval GatewayCollectedTime="2025-02-26 02:00:00.000-05:00" IntervalSequenceNumber="1740546000" BlockSequenceNumber="1738951200" EndTime="2025-02-26 03:00:00.000-05:00">
        <Reading UOM="CCF" BlockEndValue="0" Value="0.7300" RawValue="73.0000" Channel="1" />
      </Interval>
      <Interval GatewayCollectedTime="2025-02-26 03:00:00.000-05:00" IntervalSequenceNumber="1740546000" BlockSequenceNumber="1738951200" EndTime="2025-02-26 04:00:00.000-05:00">
        <Reading UOM="CCF" BlockEndValue="0" Value="0.7300" RawValue="73.0000" Channel="1" />
      </Interval>
      <Interval GatewayCollectedTime="2025-02-26 04:00:00.000-05:00" IntervalSequenceNumber="1740546000" BlockSequenceNumber="1738951200" EndTime="2025-02-26 05:00:00.000-05:00">
        <Reading UOM="CCF" BlockEndValue="0" Value="0.7300" RawValue="73.0000" Channel="1" />
      </Interval>
      <Interval GatewayCollectedTime="2025-02-26 05:00:00.000-05:00" IntervalSequenceNumber="1740546000" BlockSequenceNumber="1738951200" EndTime="2025-02-26 06:00:00.000-05:00">
        <Reading UOM="CCF" BlockEndValue="0" Value="0.7300" RawValue="73.0000" Channel="1" />
      </Interval>
      <Interval GatewayCollectedTime="2025-02-26 06:00:00.000-05:00" IntervalSequenceNumber="1740546000" BlockSequenceNumber="1738951200" EndTime="2025-02-26 07:00:00.000-05:00">
        <Reading UOM="CCF" BlockEndValue="0" Value="0.7300" RawValue="73.0000" Channel="1" />
      </Interval>
      <Interval GatewayCollectedTime="2025-02-26 07:00:00.000-05:00" IntervalSequenceNumber="1740546000" BlockSequenceNumber="1738951200" EndTime="2025-02-26 08:00:00.000-05:00">
        <Reading UOM="CCF" BlockEndValue="0" Value="0.7300" RawValue="73.0000" Channel="1" />
      </Interval>
      <Interval GatewayCollectedTime="2025-02-26 08:00:00.000-05:00" IntervalSequenceNumber="1740546000" BlockSequenceNumber="1738951200" EndTime="2025-02-26 09:00:00.000-05:00">
        <Reading UOM="CCF" BlockEndValue="0" Value="0.7300" RawValue="73.0000" Channel="1" />
      </Interval>
      <Interval GatewayCollectedTime="2025-02-26 09:00:00.000-05:00" IntervalSequenceNumber="1740546000" BlockSequenceNumber="1738951200" EndTime="2025-02-26 10:00:00.000-05:00">
        <Reading UOM="CCF" BlockEndValue="0" Value="0.7300" RawValue="73.0000" Channel="1" />
      </Interval>
      <Interval GatewayCollectedTime="2025-02-26 10:00:00.000-05:00" IntervalSequenceNumber="1740546000" BlockSequenceNumber="1738951200" EndTime="2025-02-26 11:00:00.000-05:00">
        <Reading UOM="CCF" BlockEndValue="0" Value="0.7300" RawValue="73.0000" Channel="1" />
      </Interval>
      <Interval GatewayCollectedTime="2025-02-26 11:00:00.000-05:00" IntervalSequenceNumber="1740546000" BlockSequenceNumber="1738951200" EndTime="2025-02-26 12:00:00.000-05:00">
        <Reading UOM="CCF" BlockEndValue="0" Value="0.7300" RawValue="73.0000" Channel="1" />
      </Interval>
      <Interval GatewayCollectedTime="2025-02-26 12:00:00.000-05:00" IntervalSequenceNumber="1740546000" BlockSequenceNumber="1738951200" EndTime="2025-02-26 13:00:00.000-05:00">
        <Reading UOM="CCF" BlockEndValue="0" Value="0.7300" RawValue="73.0000" Channel="1" />
      </Interval>
      <Interval GatewayCollectedTime="2025-02-26 13:00:00.000-05:00" IntervalSequenceNumber="1740546000" BlockSequenceNumber="1738951200" EndTime="2025-02-26 14:00:00.000-05:00">
        <Reading UOM="CCF" BlockEndValue="0" Value="0.7300" RawValue="73.0000" Channel="1" />
      </Interval>
      <Interval GatewayCollectedTime="2025-02-26 14:00:00.000-05:00" IntervalSequenceNumber="1740546000" BlockSequenceNumber="1738951200" EndTime="2025-02-26 15:00:00.000-05:00">
        <Reading UOM="CCF" BlockEndValue="0" Value="0.7300" RawValue="73.0000" Channel="1" />
      </Interval>
      <Interval GatewayCollectedTime="2025-02-26 15:00:00.000-05:00" IntervalSequenceNumber="1740546000" BlockSequenceNumber="1738951200" EndTime="2025-02-26 16:00:00.000-05:00">
        <Reading UOM="CCF" BlockEndValue="0" Value="0.7300" RawValue="73.0000" Channel="1" />
      </Interval>
      <Interval GatewayCollectedTime="2025-02-26 16:00:00.000-05:00" IntervalSequenceNumber="1740546000" BlockSequenceNumber="1738951200" EndTime="2025-02-26 17:00:00.000-05:00">
        <Reading UOM="CCF" BlockEndValue="0" Value="0.1500" RawValue="15.0000" Channel="1" />
      </Interval>
      <Interval GatewayCollectedTime="2025-02-26 17:00:00.000-05:00" IntervalSequenceNumber="1740546000" BlockSequenceNumber="1738951200" EndTime="2025-02-26 18:00:00.000-05:00">
        <Reading UOM="CCF" BlockEndValue="0" Value="0.1500" RawValue="15.0000" Channel="1" />
      </Interval>
      <Interval GatewayCollectedTime="2025-02-26 18:00:00.000-05:00" IntervalSequenceNumber="1740546000" BlockSequenceNumber="1738951200" EndTime="2025-02-26 19:00:00.000-05:00">
        <Reading UOM="CCF" BlockEndValue="0" Value="0.1500" RawValue="15.0000" Channel="1" />
      </Interval>
      <Interval GatewayCollectedTime="2025-02-26 19:00:00.000-05:00" IntervalSequenceNumber="1740546000" BlockSequenceNumber="1738951200" EndTime="2025-02-26 20:00:00.000-05:00">
        <Reading UOM="CCF" BlockEndValue="0" Value="0.1500" RawValue="15.0000" Channel="1" />
      </Interval>
      <Interval GatewayCollectedTime="2025-02-26 20:00:00.000-05:00" IntervalSequenceNumber="1740546000" BlockSequenceNumber="1738951200" EndTime="2025-02-26 21:00:00.000-05:00">
        <Reading UOM="CCF" BlockEndValue="0" Value="0.1500" RawValue="15.0000" Channel="1" />
      </Interval>
      <Interval GatewayCollectedTime="2025-02-26 21:00:00.000-05:00" IntervalSequenceNumber="1740546000" BlockSequenceNumber="1738951200" EndTime="2025-02-26 22:00:00.000-05:00">
        <Reading UOM="CCF" BlockEndValue="0" Value="0.1500" RawValue="15.0000" Channel="1" />
      </Interval>
      <Interval GatewayCollectedTime="2025-02-26 22:00:00.000-05:00" IntervalSequenceNumber="1740546000" BlockSequenceNumber="1738951200" EndTime="2025-02-26 23:00:00.000-05:00">
        <Reading UOM="CCF" BlockEndValue="0" Value="0.1500" RawValue="15.0000" Channel="1" />
      </Interval>
      <Interval GatewayCollectedTime="2025-02-26 23:00:00.000-05:00" IntervalSequenceNumber="1740546000" BlockSequenceNumber="1738951200" EndTime="2025-02-27 00:00:00.000-05:00">
        <Reading UOM="CCF" BlockEndValue="1090.8800" Value="0.1500" RawValue="15.0000" Channel="1" />
      </Interval>
    </IntervalReadData>
  </MeterData>
  <MeterData UtilServicePointID="377061000000" UtilDeviceID="GM18001253" MacID="00:07:81:43:07:CB:AE:4D" MeterName="GM18001253" xmlns="urn:com:ssn:schema:export:v2.5:SSNExportFormat.xsd">
    <RegisterData NumberReads="1" EndTime="2025-02-27 00:00:00.000-05:00" StartTime="2025-02-27 00:00:00.000-05:00">
      <RegisterRead RegisterReadSource="REG_SRC_TYPE_EOB_SELF_READ" GatewayCollectedTime="2025-02-26 00:00:00.000-05:00" ReadTime="2025-02-27 00:00:00.000-05:00">
        <Tier Number="0">
          <Register SummationUOM="CCF" Summation="1694.6000" SummationRawValue="169460" Number="1010" />
        </Tier>
      </RegisterRead>
    </RegisterData>
    <IntervalReadData LpSetId="1" NumberIntervals="24" EndTime="2025-02-27 00:00:00.000-05:00" StartTime="2025-02-26 00:00:00.000-05:00" IntervalLength="60">
      <Interval GatewayCollectedTime="2025-02-26 00:00:00.000-05:00" IntervalSequenceNumber="1740546000" BlockSequenceNumber="1738951200" EndTime="2025-02-26 01:00:00.000-05:00">
        <Reading UOM="CCF" BlockEndValue="0" Value="0.1500" RawValue="15.0000" Channel="1" />
      </Interval>
      <Interval GatewayCollectedTime="2025-02-26 01:00:00.000-05:00" IntervalSequenceNumber="1740546000" BlockSequenceNumber="1738951200" EndTime="2025-02-26 02:00:00.000-05:00">
        <Reading UOM="CCF" BlockEndValue="0" Value="0.1500" RawValue="15.0000" Channel="1" />
      </Interval>
      <Interval GatewayCollectedTime="2025-02-26 02:00:00.000-05:00" IntervalSequenceNumber="1740546000" BlockSequenceNumber="1738951200" EndTime="2025-02-26 03:00:00.000-05:00">
        <Reading UOM="CCF" BlockEndValue="0" Value="0.1500" RawValue="15.0000" Channel="1" />
      </Interval>
      <Interval GatewayCollectedTime="2025-02-26 03:00:00.000-05:00" IntervalSequenceNumber="1740546000" BlockSequenceNumber="1738951200" EndTime="2025-02-26 04:00:00.000-05:00">
        <Reading UOM="CCF" BlockEndValue="0" Value="0.1500" RawValue="15.0000" Channel="1" />
      </Interval>
      <Interval GatewayCollectedTime="2025-02-26 04:00:00.000-05:00" IntervalSequenceNumber="1740546000" BlockSequenceNumber="1738951200" EndTime="2025-02-26 05:00:00.000-05:00">
        <Reading UOM="CCF" BlockEndValue="0" Value="0.1500" RawValue="15.0000" Channel="1" />
      </Interval>
      <Interval GatewayCollectedTime="2025-02-26 05:00:00.000-05:00" IntervalSequenceNumber="1740546000" BlockSequenceNumber="1738951200" EndTime="2025-02-26 06:00:00.000-05:00">
        <Reading UOM="CCF" BlockEndValue="0" Value="0.1500" RawValue="15.0000" Channel="1" />
      </Interval>
      <Interval GatewayCollectedTime="2025-02-26 06:00:00.000-05:00" IntervalSequenceNumber="1740546000" BlockSequenceNumber="1738951200" EndTime="2025-02-26 07:00:00.000-05:00">
        <Reading UOM="CCF" BlockEndValue="0" Value="0.1500" RawValue="15.0000" Channel="1" />
      </Interval>
      <Interval GatewayCollectedTime="2025-02-26 07:00:00.000-05:00" IntervalSequenceNumber="1740546000" BlockSequenceNumber="1738951200" EndTime="2025-02-26 08:00:00.000-05:00">
        <Reading UOM="CCF" BlockEndValue="0" Value="0.1500" RawValue="15.0000" Channel="1" />
      </Interval>
      <Interval GatewayCollectedTime="2025-02-26 08:00:00.000-05:00" IntervalSequenceNumber="1740546000" BlockSequenceNumber="1738951200" EndTime="2025-02-26 09:00:00.000-05:00">
        <Reading UOM="CCF" BlockEndValue="0" Value="0.1500" RawValue="15.0000" Channel="1" />
      </Interval>
      <Interval GatewayCollectedTime="2025-02-26 09:00:00.000-05:00" IntervalSequenceNumber="1740546000" BlockSequenceNumber="1738951200" EndTime="2025-02-26 10:00:00.000-05:00">
        <Reading UOM="CCF" BlockEndValue="0" Value="0.1500" RawValue="15.0000" Channel="1" />
      </Interval>
      <Interval GatewayCollectedTime="2025-02-26 10:00:00.000-05:00" IntervalSequenceNumber="1740546000" BlockSequenceNumber="1738951200" EndTime="2025-02-26 11:00:00.000-05:00">
        <Reading UOM="CCF" BlockEndValue="0" Value="0.1500" RawValue="15.0000" Channel="1" />
      </Interval>
      <Interval GatewayCollectedTime="2025-02-26 11:00:00.000-05:00" IntervalSequenceNumber="1740546000" BlockSequenceNumber="1738951200" EndTime="2025-02-26 12:00:00.000-05:00">
        <Reading UOM="CCF" BlockEndValue="0" Value="0.1500" RawValue="15.0000" Channel="1" />
      </Interval>
      <Interval GatewayCollectedTime="2025-02-26 12:00:00.000-05:00" IntervalSequenceNumber="1740546000" BlockSequenceNumber="1738951200" EndTime="2025-02-26 13:00:00.000-05:00">
        <Reading UOM="CCF" BlockEndValue="0" Value="0.1500" RawValue="15.0000" Channel="1" />
      </Interval>
      <Interval GatewayCollectedTime="2025-02-26 13:00:00.000-05:00" IntervalSequenceNumber="1740546000" BlockSequenceNumber="1738951200" EndTime="2025-02-26 14:00:00.000-05:00">
        <Reading UOM="CCF" BlockEndValue="0" Value="0.1500" RawValue="15.0000" Channel="1" />
      </Interval>
      <Interval GatewayCollectedTime="2025-02-26 14:00:00.000-05:00" IntervalSequenceNumber="1740546000" BlockSequenceNumber="1738951200" EndTime="2025-02-26 15:00:00.000-05:00">
        <Reading UOM="CCF" BlockEndValue="0" Value="0.1500" RawValue="15.0000" Channel="1" />
      </Interval>
      <Interval GatewayCollectedTime="2025-02-26 15:00:00.000-05:00" IntervalSequenceNumber="1740546000" BlockSequenceNumber="1738951200" EndTime="2025-02-26 16:00:00.000-05:00">
        <Reading UOM="CCF" BlockEndValue="0" Value="0.1500" RawValue="15.0000" Channel="1" />
      </Interval>
      <Interval GatewayCollectedTime="2025-02-26 16:00:00.000-05:00" IntervalSequenceNumber="1740546000" BlockSequenceNumber="1738951200" EndTime="2025-02-26 17:00:00.000-05:00">
        <Reading UOM="CCF" BlockEndValue="0" Value="0.1500" RawValue="15.0000" Channel="1" />
      </Interval>
      <Interval GatewayCollectedTime="2025-02-26 17:00:00.000-05:00" IntervalSequenceNumber="1740546000" BlockSequenceNumber="1738951200" EndTime="2025-02-26 18:00:00.000-05:00">
        <Reading UOM="CCF" BlockEndValue="0" Value="0.1500" RawValue="15.0000" Channel="1" />
      </Interval>
      <Interval GatewayCollectedTime="2025-02-26 18:00:00.000-05:00" IntervalSequenceNumber="1740546000" BlockSequenceNumber="1738951200" EndTime="2025-02-26 19:00:00.000-05:00">
        <Reading UOM="CCF" BlockEndValue="0" Value="0.1500" RawValue="15.0000" Channel="1" />
      </Interval>
      <Interval GatewayCollectedTime="2025-02-26 19:00:00.000-05:00" IntervalSequenceNumber="1740546000" BlockSequenceNumber="1738951200" EndTime="2025-02-26 20:00:00.000-05:00">
        <Reading UOM="CCF" BlockEndValue="0" Value="0.1500" RawValue="15.0000" Channel="1" />
      </Interval>
      <Interval GatewayCollectedTime="2025-02-26 20:00:00.000-05:00" IntervalSequenceNumber="1740546000" BlockSequenceNumber="1738951200" EndTime="2025-02-26 21:00:00.000-05:00">
        <Reading UOM="CCF" BlockEndValue="0" Value="0.1500" RawValue="15.0000" Channel="1" />
      </Interval>
      <Interval GatewayCollectedTime="2025-02-26 21:00:00.000-05:00" IntervalSequenceNumber="1740546000" BlockSequenceNumber="1738951200" EndTime="2025-02-26 22:00:00.000-05:00">
        <Reading UOM="CCF" BlockEndValue="0" Value="0.1500" RawValue="15.0000" Channel="1" />
      </Interval>
      <Interval GatewayCollectedTime="2025-02-26 22:00:00.000-05:00" IntervalSequenceNumber="1740546000" BlockSequenceNumber="1738951200" EndTime="2025-02-26 23:00:00.000-05:00">
        <Reading UOM="CCF" BlockEndValue="0" Value="0.1500" RawValue="15.0000" Channel="1" />
      </Interval>
      <Interval GatewayCollectedTime="2025-02-26 23:00:00.000-05:00" IntervalSequenceNumber="1740546000" BlockSequenceNumber="1738951200" EndTime="2025-02-27 00:00:00.000-05:00">
        <Reading UOM="CCF" BlockEndValue="1694.6000" Value="0.1500" RawValue="15.0000" Channel="1" />
      </Interval>
    </IntervalReadData>
  </MeterData>
  <MeterData UtilServicePointID="310341000000" UtilDeviceID="GM18001280" MacID="00:07:81:43:07:CB:AB:85" MeterName="GM18001280" xmlns="urn:com:ssn:schema:export:v2.5:SSNExportFormat.xsd">
    <RegisterData NumberReads="1" EndTime="2025-02-27 00:00:00.000-05:00" StartTime="2025-02-27 00:00:00.000-05:00">
      <RegisterRead RegisterReadSource="REG_SRC_TYPE_EOB_SELF_READ" GatewayCollectedTime="2025-02-26 00:00:00.000-05:00" ReadTime="2025-02-27 00:00:00.000-05:00">
        <Tier Number="0">
          <Register SummationUOM="CCF" Summation="1711.6000" SummationRawValue="171160" Number="1010" />
        </Tier>
      </RegisterRead>
    </RegisterData>
    <IntervalReadData LpSetId="1" NumberIntervals="24" EndTime="2025-02-27 00:00:00.000-05:00" StartTime="2025-02-26 00:00:00.000-05:00" IntervalLength="60">
      <Interval GatewayCollectedTime="2025-02-26 00:00:00.000-05:00" IntervalSequenceNumber="1740546000" BlockSequenceNumber="1738951200" EndTime="2025-02-26 01:00:00.000-05:00">
        <Reading UOM="CCF" BlockEndValue="0" Value="0.1500" RawValue="15.0000" Channel="1" />
      </Interval>
      <Interval GatewayCollectedTime="2025-02-26 01:00:00.000-05:00" IntervalSequenceNumber="1740546000" BlockSequenceNumber="1738951200" EndTime="2025-02-26 02:00:00.000-05:00">
        <Reading UOM="CCF" BlockEndValue="0" Value="0.1500" RawValue="15.0000" Channel="1" />
      </Interval>
      <Interval GatewayCollectedTime="2025-02-26 02:00:00.000-05:00" IntervalSequenceNumber="1740546000" BlockSequenceNumber="1738951200" EndTime="2025-02-26 03:00:00.000-05:00">
        <Reading UOM="CCF" BlockEndValue="0" Value="0.1500" RawValue="15.0000" Channel="1" />
      </Interval>
      <Interval GatewayCollectedTime="2025-02-26 03:00:00.000-05:00" IntervalSequenceNumber="1740546000" BlockSequenceNumber="1738951200" EndTime="2025-02-26 04:00:00.000-05:00">
        <Reading UOM="CCF" BlockEndValue="0" Value="0.1500" RawValue="15.0000" Channel="1" />
      </Interval>
      <Interval GatewayCollectedTime="2025-02-26 04:00:00.000-05:00" IntervalSequenceNumber="1740546000" BlockSequenceNumber="1738951200" EndTime="2025-02-26 05:00:00.000-05:00">
        <Reading UOM="CCF" BlockEndValue="0" Value="0.1500" RawValue="15.0000" Channel="1" />
      </Interval>
      <Interval GatewayCollectedTime="2025-02-26 05:00:00.000-05:00" IntervalSequenceNumber="1740546000" BlockSequenceNumber="1738951200" EndTime="2025-02-26 06:00:00.000-05:00">
        <Reading UOM="CCF" BlockEndValue="0" Value="0.1500" RawValue="15.0000" Channel="1" />
      </Interval>
      <Interval GatewayCollectedTime="2025-02-26 06:00:00.000-05:00" IntervalSequenceNumber="1740546000" BlockSequenceNumber="1738951200" EndTime="2025-02-26 07:00:00.000-05:00">
        <Reading UOM="CCF" BlockEndValue="0" Value="0.1500" RawValue="15.0000" Channel="1" />
      </Interval>
      <Interval GatewayCollectedTime="2025-02-26 07:00:00.000-05:00" IntervalSequenceNumber="1740546000" BlockSequenceNumber="1738951200" EndTime="2025-02-26 08:00:00.000-05:00">
        <Reading UOM="CCF" BlockEndValue="0" Value="0.1500" RawValue="15.0000" Channel="1" />
      </Interval>
      <Interval GatewayCollectedTime="2025-02-26 08:00:00.000-05:00" IntervalSequenceNumber="1740546000" BlockSequenceNumber="1738951200" EndTime="2025-02-26 09:00:00.000-05:00">
        <Reading UOM="CCF" BlockEndValue="0" Value="0.1500" RawValue="15.0000" Channel="1" />
      </Interval>
      <Interval GatewayCollectedTime="2025-02-26 09:00:00.000-05:00" IntervalSequenceNumber="1740546000" BlockSequenceNumber="1738951200" EndTime="2025-02-26 10:00:00.000-05:00">
        <Reading UOM="CCF" BlockEndValue="0" Value="0.1500" RawValue="15.0000" Channel="1" />
      </Interval>
      <Interval GatewayCollectedTime="2025-02-26 10:00:00.000-05:00" IntervalSequenceNumber="1740546000" BlockSequenceNumber="1738951200" EndTime="2025-02-26 11:00:00.000-05:00">
        <Reading UOM="CCF" BlockEndValue="0" Value="0.1500" RawValue="15.0000" Channel="1" />
      </Interval>
      <Interval GatewayCollectedTime="2025-02-26 11:00:00.000-05:00" IntervalSequenceNumber="1740546000" BlockSequenceNumber="1738951200" EndTime="2025-02-26 12:00:00.000-05:00">
        <Reading UOM="CCF" BlockEndValue="0" Value="0.1500" RawValue="15.0000" Channel="1" />
      </Interval>
      <Interval GatewayCollectedTime="2025-02-26 12:00:00.000-05:00" IntervalSequenceNumber="1740546000" BlockSequenceNumber="1738951200" EndTime="2025-02-26 13:00:00.000-05:00">
        <Reading UOM="CCF" BlockEndValue="0" Value="0.1500" RawValue="15.0000" Channel="1" />
      </Interval>
      <Interval GatewayCollectedTime="2025-02-26 13:00:00.000-05:00" IntervalSequenceNumber="1740546000" BlockSequenceNumber="1738951200" EndTime="2025-02-26 14:00:00.000-05:00">
        <Reading UOM="CCF" BlockEndValue="0" Value="0.1500" RawValue="15.0000" Channel="1" />
      </Interval>
      <Interval GatewayCollectedTime="2025-02-26 14:00:00.000-05:00" IntervalSequenceNumber="1740546000" BlockSequenceNumber="1738951200" EndTime="2025-02-26 15:00:00.000-05:00">
        <Reading UOM="CCF" BlockEndValue="0" Value="0.1500" RawValue="15.0000" Channel="1" />
      </Interval>
      <Interval GatewayCollectedTime="2025-02-26 15:00:00.000-05:00" IntervalSequenceNumber="1740546000" BlockSequenceNumber="1738951200" EndTime="2025-02-26 16:00:00.000-05:00">
        <Reading UOM="CCF" BlockEndValue="0" Value="0.1500" RawValue="15.0000" Channel="1" />
      </Interval>
      <Interval GatewayCollectedTime="2025-02-26 16:00:00.000-05:00" IntervalSequenceNumber="1740546000" BlockSequenceNumber="1738951200" EndTime="2025-02-26 17:00:00.000-05:00">
        <Reading UOM="CCF" BlockEndValue="0" Value="0.1500" RawValue="15.0000" Channel="1" />
      </Interval>
      <Interval GatewayCollectedTime="2025-02-26 17:00:00.000-05:00" IntervalSequenceNumber="1740546000" BlockSequenceNumber="1738951200" EndTime="2025-02-26 18:00:00.000-05:00">
        <Reading UOM="CCF" BlockEndValue="0" Value="0.1500" RawValue="15.0000" Channel="1" />
      </Interval>
      <Interval GatewayCollectedTime="2025-02-26 18:00:00.000-05:00" IntervalSequenceNumber="1740546000" BlockSequenceNumber="1738951200" EndTime="2025-02-26 19:00:00.000-05:00">
        <Reading UOM="CCF" BlockEndValue="0" Value="0.1500" RawValue="15.0000" Channel="1" />
      </Interval>
      <Interval GatewayCollectedTime="2025-02-26 19:00:00.000-05:00" IntervalSequenceNumber="1740546000" BlockSequenceNumber="1738951200" EndTime="2025-02-26 20:00:00.000-05:00">
        <Reading UOM="CCF" BlockEndValue="0" Value="0.1500" RawValue="15.0000" Channel="1" />
      </Interval>
      <Interval GatewayCollectedTime="2025-02-26 20:00:00.000-05:00" IntervalSequenceNumber="1740546000" BlockSequenceNumber="1738951200" EndTime="2025-02-26 21:00:00.000-05:00">
        <Reading UOM="CCF" BlockEndValue="0" Value="0.1500" RawValue="15.0000" Channel="1" />
      </Interval>
      <Interval GatewayCollectedTime="2025-02-26 21:00:00.000-05:00" IntervalSequenceNumber="1740546000" BlockSequenceNumber="1738951200" EndTime="2025-02-26 22:00:00.000-05:00">
        <Reading UOM="CCF" BlockEndValue="0" Value="0.1500" RawValue="15.0000" Channel="1" />
      </Interval>
      <Interval GatewayCollectedTime="2025-02-26 22:00:00.000-05:00" IntervalSequenceNumber="1740546000" BlockSequenceNumber="1738951200" EndTime="2025-02-26 23:00:00.000-05:00">
        <Reading UOM="CCF" BlockEndValue="0" Value="0.1500" RawValue="15.0000" Channel="1" />
      </Interval>
      <Interval GatewayCollectedTime="2025-02-26 23:00:00.000-05:00" IntervalSequenceNumber="1740546000" BlockSequenceNumber="1738951200" EndTime="2025-02-27 00:00:00.000-05:00">
        <Reading UOM="CCF" BlockEndValue="1711.6000" Value="0.1500" RawValue="15.0000" Channel="1" />
      </Interval>
    </IntervalReadData>
  </MeterData>
</SSNExportDocument>